subject,field,value,source,observed,confidence,note
marnixstraat-194,name,1e Hulp,placesdata-2011,2011-07-18,0.7,
marnixstraat-194,kind,coffeeshop,placesdata-2011,2011-07-18,0.8,
marnixstraat-194,phone,+31 20 625 4624,placesdata-2011,2011-07-18,0.5,"seventeen years stale, verify before use"
marnixstraat-194,coordinate,"52.371626,4.875806",placesdata-2011,2011-07-18,0.4,geocoded alongside a GooglePlacePage; never eligible for OSM
marnixstraat-194,key_photo,PicturesOriginal/IMG_0201.JPG,photos-2009,2009-10-06,1.0,Apple iPhone 3GS
marnixstraat-194,trading,true,photos-2009,2009-10-06,1.0,"photographed open; presence attested, not a claim about today"
marnixstraat-194,coordinate,"52.3713333,4.8765",photos-2009,2009-10-06,0.9,"own GPS, DOP 3.0, camera bearing 329.9 deg true"
marnixstraat-194,photo_heading,329.9,photos-2009,2009-10-06,1.0,the shopfront lies along this bearing from the fix
oudebrugsteeg-27,name,420 Cafe,placesdata-2011,2011-07-18,0.7,
oudebrugsteeg-27,also_known_as,De Kuil,placesdata-2011,2011-07-18,0.6,
oudebrugsteeg-27,kind,coffeeshop,placesdata-2011,2011-07-18,0.8,
oudebrugsteeg-27,phone,+31 20 623 4848,placesdata-2011,2011-07-18,0.5,"seventeen years stale, verify before use"
oudebrugsteeg-27,coordinate,"52.375824,4.895827",placesdata-2011,2011-07-18,0.4,geocoded alongside a GooglePlacePage; never eligible for OSM
oudebrugsteeg-27,key_photo,PicturesOriginal/IMG_0043.JPG,photos-2009,2009-10-04,1.0,Apple iPhone 3GS
oudebrugsteeg-27,trading,true,photos-2009,2009-10-04,1.0,"photographed open; presence attested, not a claim about today"
oudebrugsteeg-27,coordinate,"52.3755,4.897",photos-2009,2009-10-04,0.6,"own GPS, camera bearing 78.9 deg true"
oudebrugsteeg-27,photo_heading,78.9,photos-2009,2009-10-04,1.0,the shopfront lies along this bearing from the fix
jonge-roelensteeg-12,name,Abraxas,placesdata-2011,2011-07-18,0.7,
jonge-roelensteeg-12,kind,coffeeshop,placesdata-2011,2011-07-18,0.8,
jonge-roelensteeg-12,phone,+31 20 625 5763,placesdata-2011,2011-07-18,0.5,"seventeen years stale, verify before use"
jonge-roelensteeg-12,coordinate,"52.37214,4.891135",placesdata-2011,2011-07-18,0.4,geocoded alongside a GooglePlacePage; never eligible for OSM
jonge-roelensteeg-12,key_photo,PicturesOriginal/IMG_1203.JPG,photos-2009,2009-10-16,1.0,Apple iPhone 3GS
jonge-roelensteeg-12,trading,true,photos-2009,2009-10-16,1.0,"photographed open; presence attested, not a claim about today"
jonge-roelensteeg-12,coordinate,"52.372,4.8908333",photos-2009,2009-10-16,0.6,"own GPS, DOP 10.0, camera bearing 64.9 deg true"
jonge-roelensteeg-12,photo_heading,64.9,photos-2009,2009-10-16,1.0,the shopfront lies along this bearing from the fix
spuistraat-51,name,Abraxas Too,placesdata-2011,2011-07-18,0.7,
spuistraat-51,kind,coffeeshop,placesdata-2011,2011-07-18,0.8,
spuistraat-51,phone,+31 20 622 6241,placesdata-2011,2011-07-18,0.5,"seventeen years stale, verify before use"
spuistraat-51,coordinate,"52.375945,4.892292",placesdata-2011,2011-07-18,0.4,geocoded alongside a GooglePlacePage; never eligible for OSM
spuistraat-51,key_photo,PicturesOriginal/IMG_0332.JPG,photos-2009,2009-10-06,1.0,Apple iPhone 3GS
spuistraat-51,trading,true,photos-2009,2009-10-06,1.0,"photographed open; presence attested, not a claim about today"
spuistraat-51,coordinate,"52.376,4.8925",photos-2009,2009-10-06,0.9,"own GPS, DOP 3.0, camera bearing 87.9 deg true"
spuistraat-51,photo_heading,87.9,photos-2009,2009-10-06,1.0,the shopfront lies along this bearing from the fix
rozengracht-1a,name,African Black Star,placesdata-2011,2011-07-18,0.7,
rozengracht-1a,kind,coffeeshop,placesdata-2011,2011-07-18,0.8,
rozengracht-1a,phone,+31 20 626 9469,placesdata-2011,2011-07-18,0.5,"seventeen years stale, verify before use"
rozengracht-1a,website,http://www.coffeeshopafricanblackstar.nl,placesdata-2011,2011-07-18,0.4,
rozengracht-1a,coordinate,"52.373829,4.882708",placesdata-2011,2011-07-18,0.4,geocoded alongside a GooglePlacePage; never eligible for OSM
rozengracht-1a,key_photo,PicturesOriginal/IMG_0216.JPG,photos-2009,2009-10-06,1.0,Apple iPhone 3GS
rozengracht-1a,trading,true,photos-2009,2009-10-06,1.0,"photographed open; presence attested, not a claim about today"
rozengracht-1a,coordinate,"52.3738333,4.8828333",photos-2009,2009-10-06,0.6,"own GPS, camera bearing 88.9 deg true"
rozengracht-1a,photo_heading,88.9,photos-2009,2009-10-06,1.0,the shopfront lies along this bearing from the fix
herengracht-133,name,Amnesia,placesdata-2011,2011-07-18,0.7,
herengracht-133,kind,coffeeshop,placesdata-2011,2011-07-18,0.8,
herengracht-133,phone,+31 20 427 7874,placesdata-2011,2011-07-18,0.5,"seventeen years stale, verify before use"
herengracht-133,website,http://www.abraxasparadise.nl,placesdata-2011,2011-07-18,0.4,
herengracht-133,coordinate,"52.375509,4.889051",placesdata-2011,2011-07-18,0.4,geocoded alongside a GooglePlacePage; never eligible for OSM
herengracht-133,key_photo,PicturesOriginal/IMG_0999.JPG,photos-2009,2009-10-15,1.0,Apple iPhone 3GS
herengracht-133,trading,true,photos-2009,2009-10-15,1.0,"photographed open; presence attested, not a claim about today"
herengracht-133,coordinate,"52.3756667,4.889",photos-2009,2009-10-15,0.9,"own GPS, DOP 5.0, camera bearing 64.9 deg true"
herengracht-133,photo_heading,64.9,photos-2009,2009-10-15,1.0,the shopfront lies along this bearing from the fix
halvemaansteeg-1,name,Andalucia,placesdata-2011,2011-07-18,0.7,
halvemaansteeg-1,kind,coffeeshop,placesdata-2011,2011-07-18,0.8,
halvemaansteeg-1,phone,+31 20 625 3668,placesdata-2011,2011-07-18,0.5,"seventeen years stale, verify before use"
halvemaansteeg-1,coordinate,"52.366901,4.895902",placesdata-2011,2011-07-18,0.4,geocoded alongside a GooglePlacePage; never eligible for OSM
halvemaansteeg-1,key_photo,PicturesOriginal/IMG_0138.JPG,photos-2009,2009-10-06,1.0,Apple iPhone 3GS
halvemaansteeg-1,trading,true,photos-2009,2009-10-06,1.0,"photographed open; presence attested, not a claim about today"
halvemaansteeg-1,coordinate,"52.367,4.8958333",photos-2009,2009-10-06,0.6,"own GPS, camera bearing 35.9 deg true"
halvemaansteeg-1,photo_heading,35.9,photos-2009,2009-10-06,1.0,the shopfront lies along this bearing from the fix
spuistraat-19,name,Anyday,placesdata-2011,2011-07-18,0.7,
spuistraat-19,kind,coffeeshop,placesdata-2011,2011-07-18,0.8,
spuistraat-19,phone,+31 20 420 8698,placesdata-2011,2011-07-18,0.5,"seventeen years stale, verify before use"
spuistraat-19,coordinate,"52.3768,4.89362",placesdata-2011,2011-07-18,0.4,geocoded alongside a GooglePlacePage; never eligible for OSM
spuistraat-19,key_photo,PicturesOriginal/IMG_0336.JPG,photos-2009,2009-10-06,1.0,Apple iPhone 3GS
spuistraat-19,trading,true,photos-2009,2009-10-06,1.0,"photographed open; presence attested, not a claim about today"
spuistraat-19,coordinate,"52.377,4.8935",photos-2009,2009-10-06,0.9,"own GPS, DOP 3.0, camera bearing 142.9 deg true"
spuistraat-19,photo_heading,142.9,photos-2009,2009-10-06,1.0,the shopfront lies along this bearing from the fix
amstelstraat-45,name,Arabica Lounge,placesdata-2011,2011-07-18,0.7,
amstelstraat-45,kind,coffeeshop,placesdata-2011,2011-07-18,0.8,
amstelstraat-45,phone,+31 20 772 6479,placesdata-2011,2011-07-18,0.5,"seventeen years stale, verify before use"
amstelstraat-45,coordinate,"52.366332,4.899884",placesdata-2011,2011-07-18,0.4,geocoded alongside a GooglePlacePage; never eligible for OSM
amstelstraat-45,key_photo,PicturesOriginal/IMG_0049.JPG,photos-2009,2009-10-04,1.0,Apple iPhone 3GS
amstelstraat-45,trading,true,photos-2009,2009-10-04,1.0,"photographed open; presence attested, not a claim about today"
amstelstraat-45,coordinate,"52.365,4.8993333",photos-2009,2009-10-04,0.9,"own GPS, DOP 5.0, camera bearing 293.9 deg true"
amstelstraat-45,photo_heading,293.9,photos-2009,2009-10-04,1.0,the shopfront lies along this bearing from the fix
daniel-stalpertstraat-78,name,Atlantis,placesdata-2011,2011-07-18,0.7,
daniel-stalpertstraat-78,kind,coffeeshop,placesdata-2011,2011-07-18,0.8,
daniel-stalpertstraat-78,phone,+31 20 673 2353,placesdata-2011,2011-07-18,0.5,"seventeen years stale, verify before use"
daniel-stalpertstraat-78,coordinate,"52.356035,4.890935",placesdata-2011,2011-07-18,0.4,geocoded alongside a GooglePlacePage; never eligible for OSM
daniel-stalpertstraat-78,key_photo,PicturesOriginal/IMG_0585.JPG,photos-2009,2009-10-13,1.0,Apple iPhone 3GS
daniel-stalpertstraat-78,trading,true,photos-2009,2009-10-13,1.0,"photographed open; presence attested, not a claim about today"
daniel-stalpertstraat-78,coordinate,"52.3561667,4.8911667",photos-2009,2009-10-13,0.9,"own GPS, DOP 3.0, camera bearing 271.9 deg true"
daniel-stalpertstraat-78,photo_heading,271.9,photos-2009,2009-10-13,1.0,the shopfront lies along this bearing from the fix
parlevinker-8,name,Atlas,placesdata-2011,2011-07-18,0.7,
parlevinker-8,kind,coffeeshop,placesdata-2011,2011-07-18,0.8,
parlevinker-8,phone,+31 20 631 5100,placesdata-2011,2011-07-18,0.5,"seventeen years stale, verify before use"
parlevinker-8,coordinate,"52.411627,4.922248",placesdata-2011,2011-07-18,0.4,geocoded alongside a GooglePlacePage; never eligible for OSM
parlevinker-8,key_photo,PicturesOriginal/IMG_1283.JPG,photos-2009,2009-10-18,1.0,Apple iPhone 3GS
parlevinker-8,trading,true,photos-2009,2009-10-18,1.0,"photographed open; presence attested, not a claim about today"
parlevinker-8,coordinate,"52.4115,4.9221667",photos-2009,2009-10-18,0.9,"own GPS, DOP 1.0, camera bearing 255.9 deg true"
parlevinker-8,photo_heading,255.9,photos-2009,2009-10-18,1.0,the shopfront lies along this bearing from the fix
warmoesstraat-64,name,Baba,placesdata-2011,2011-07-18,0.7,
warmoesstraat-64,kind,coffeeshop,placesdata-2011,2011-07-18,0.8,
warmoesstraat-64,phone,+31 20 624 1409,placesdata-2011,2011-07-18,0.5,"seventeen years stale, verify before use"
warmoesstraat-64,website,http://www.babashops.nl,placesdata-2011,2011-07-18,0.4,
warmoesstraat-64,coordinate,"52.375156,4.897733",placesdata-2011,2011-07-18,0.4,geocoded alongside a GooglePlacePage; never eligible for OSM
warmoesstraat-64,key_photo,PicturesOriginal/IMG_0014.JPG,photos-2009,2009-10-04,1.0,Apple iPhone 3GS
warmoesstraat-64,trading,true,photos-2009,2009-10-04,1.0,"photographed open; presence attested, not a claim about today"
warmoesstraat-64,coordinate,"52.3751667,4.8978333",photos-2009,2009-10-04,0.9,"own GPS, DOP 3.0, camera bearing 344.9 deg true"
warmoesstraat-64,photo_heading,344.9,photos-2009,2009-10-04,1.0,the shopfront lies along this bearing from the fix
beursstraat-27,name,Babylon,placesdata-2011,2011-07-18,0.7,
beursstraat-27,kind,coffeeshop,placesdata-2011,2011-07-18,0.8,
beursstraat-27,phone,+31 20 427 0609,placesdata-2011,2011-07-18,0.5,"seventeen years stale, verify before use"
beursstraat-27,coordinate,"52.374722,4.89665",placesdata-2011,2011-07-18,0.4,geocoded alongside a GooglePlacePage; never eligible for OSM
beursstraat-27,key_photo,PicturesOriginal/IMG_1264.JPG,photos-2009,2009-10-16,1.0,Apple iPhone 3GS
beursstraat-27,trading,true,photos-2009,2009-10-16,1.0,"photographed open; presence attested, not a claim about today"
beursstraat-27,coordinate,"52.3748333,4.8963333",photos-2009,2009-10-16,0.9,"own GPS, DOP 3.0, camera bearing 199.9 deg true"
beursstraat-27,photo_heading,199.9,photos-2009,2009-10-16,1.0,the shopfront lies along this bearing from the fix
kloveniersburgwal-60,name,Bagheera,placesdata-2011,2011-07-18,0.7,
kloveniersburgwal-60,kind,coffeeshop,placesdata-2011,2011-07-18,0.8,
kloveniersburgwal-60,phone,+31 20 627 0384,placesdata-2011,2011-07-18,0.5,"seventeen years stale, verify before use"
kloveniersburgwal-60,coordinate,"52.370034,4.897392",placesdata-2011,2011-07-18,0.4,geocoded alongside a GooglePlacePage; never eligible for OSM
kloveniersburgwal-60,key_photo,PicturesOriginal/IMG_1039.JPG,photos-2009,2009-10-16,1.0,Apple iPhone 3GS
kloveniersburgwal-60,trading,true,photos-2009,2009-10-16,1.0,"photographed open; presence attested, not a claim about today"
kloveniersburgwal-60,coordinate,"52.37,4.8976667",photos-2009,2009-10-16,0.9,"own GPS, DOP 3.0, camera bearing 298.9 deg true"
kloveniersburgwal-60,photo_heading,298.9,photos-2009,2009-10-16,1.0,the shopfront lies along this bearing from the fix
roetersstraat-12,name,Het Ballonnetje,placesdata-2011,2011-07-18,0.7,
roetersstraat-12,sort_name,Ballonnetje,placesdata-2011,2011-07-18,0.7,
roetersstraat-12,kind,coffeeshop,placesdata-2011,2011-07-18,0.8,
roetersstraat-12,phone,+31 20 622 8027,placesdata-2011,2011-07-18,0.5,"seventeen years stale, verify before use"
roetersstraat-12,coordinate,"52.363517,4.910508",placesdata-2011,2011-07-18,0.4,geocoded alongside a GooglePlacePage; never eligible for OSM
roetersstraat-12,key_photo,PicturesOriginal/IMG_0470.JPG,photos-2009,2009-10-13,1.0,Apple iPhone 3GS
roetersstraat-12,trading,true,photos-2009,2009-10-13,1.0,"photographed open; presence attested, not a claim about today"
roetersstraat-12,coordinate,"52.363,4.9106667",photos-2009,2009-10-13,0.9,"own GPS, DOP 3.0, camera bearing 137.9 deg true"
roetersstraat-12,photo_heading,137.9,photos-2009,2009-10-13,1.0,the shopfront lies along this bearing from the fix
halvemaansteeg-5,name,Balou,placesdata-2011,2011-07-18,0.7,
halvemaansteeg-5,kind,coffeeshop,placesdata-2011,2011-07-18,0.8,
halvemaansteeg-5,phone,+31 20 627 5653,placesdata-2011,2011-07-18,0.5,"seventeen years stale, verify before use"
halvemaansteeg-5,coordinate,"52.366803,4.89601",placesdata-2011,2011-07-18,0.4,geocoded alongside a GooglePlacePage; never eligible for OSM
halvemaansteeg-5,key_photo,PicturesOriginal/IMG_0136.JPG,photos-2009,2009-10-06,1.0,Apple iPhone 3GS
halvemaansteeg-5,trading,true,photos-2009,2009-10-06,1.0,"photographed open; presence attested, not a claim about today"
halvemaansteeg-5,coordinate,"52.367,4.8958333",photos-2009,2009-10-06,0.6,"own GPS, camera bearing 35.9 deg true"
halvemaansteeg-5,photo_heading,35.9,photos-2009,2009-10-06,1.0,the shopfront lies along this bearing from the fix
barentszstraat-130,name,De Barentsz,placesdata-2011,2011-07-18,0.7,
barentszstraat-130,sort_name,Barentsz,placesdata-2011,2011-07-18,0.7,
barentszstraat-130,kind,coffeeshop,placesdata-2011,2011-07-18,0.8,
barentszstraat-130,phone,+31 20 420 2530,placesdata-2011,2011-07-18,0.5,"seventeen years stale, verify before use"
barentszstraat-130,coordinate,"52.389062,4.887511",placesdata-2011,2011-07-18,0.4,geocoded alongside a GooglePlacePage; never eligible for OSM
barentszstraat-130,key_photo,PicturesOriginal/IMG_0963.JPG,photos-2009,2009-10-15,1.0,Apple iPhone 3GS
barentszstraat-130,trading,true,photos-2009,2009-10-15,1.0,"photographed open; presence attested, not a claim about today"
barentszstraat-130,coordinate,"52.389,4.8875",photos-2009,2009-10-15,0.9,"own GPS, DOP 3.0, camera bearing 37.9 deg true"
barentszstraat-130,photo_heading,37.9,photos-2009,2009-10-15,1.0,the shopfront lies along this bearing from the fix
haarlemmerstraat-102,name,Barney's,placesdata-2011,2011-07-18,0.7,
haarlemmerstraat-102,kind,coffeeshop,placesdata-2011,2011-07-18,0.8,
haarlemmerstraat-102,phone,+31 20 625 9761,placesdata-2011,2011-07-18,0.5,"seventeen years stale, verify before use"
haarlemmerstraat-102,website,http://www.barneys-amsterdam.com,placesdata-2011,2011-07-18,0.4,
haarlemmerstraat-102,coordinate,"52.380625,4.890863",placesdata-2011,2011-07-18,0.4,geocoded alongside a GooglePlacePage; never eligible for OSM
haarlemmerstraat-102,key_photo,PicturesOriginal/IMG_3025.JPG,photos-2009,2009-10-27,1.0,Apple iPhone 3GS
haarlemmerstraat-102,trading,true,photos-2009,2009-10-27,1.0,"photographed open; presence attested, not a claim about today"
haarlemmerstraat-102,coordinate,"52.3805,4.8911667",photos-2009,2009-10-27,0.9,"own GPS, DOP 5.0, camera bearing 335.9 deg true"
haarlemmerstraat-102,photo_heading,335.9,photos-2009,2009-10-27,1.0,the shopfront lies along this bearing from the fix
reguliersgracht-27,name,Barney's Lounge,placesdata-2011,2011-07-18,0.7,
reguliersgracht-27,kind,coffeeshop,placesdata-2011,2011-07-18,0.8,
reguliersgracht-27,phone,+31 20 420 6655,placesdata-2011,2011-07-18,0.5,"seventeen years stale, verify before use"
reguliersgracht-27,coordinate,"52.363964,4.896301",placesdata-2011,2011-07-18,0.4,geocoded alongside a GooglePlacePage; never eligible for OSM
reguliersgracht-27,key_photo,PicturesOriginal/IMG_0848.JPG,photos-2009,2009-10-15,1.0,Apple iPhone 3GS
reguliersgracht-27,trading,true,photos-2009,2009-10-15,1.0,"photographed open; presence attested, not a claim about today"
reguliersgracht-27,coordinate,"52.3635,4.8961667",photos-2009,2009-10-15,0.9,"own GPS, DOP 3.0, camera bearing 119.9 deg true"
reguliersgracht-27,photo_heading,119.9,photos-2009,2009-10-15,1.0,the shopfront lies along this bearing from the fix
gravenstraat-9,name,Barraka,placesdata-2011,2011-07-18,0.7,
gravenstraat-9,kind,coffeeshop,placesdata-2011,2011-07-18,0.8,
gravenstraat-9,phone,+31 20 626 9766,placesdata-2011,2011-07-18,0.5,"seventeen years stale, verify before use"
gravenstraat-9,coordinate,"52.374156,4.892737",placesdata-2011,2011-07-18,0.4,geocoded alongside a GooglePlacePage; never eligible for OSM
gravenstraat-9,key_photo,PicturesOriginal/IMG_1196.JPG,photos-2009,2009-10-16,1.0,Apple iPhone 3GS
gravenstraat-9,trading,true,photos-2009,2009-10-16,1.0,"photographed open; presence attested, not a claim about today"
gravenstraat-9,coordinate,"52.3741667,4.8926667",photos-2009,2009-10-16,0.9,"own GPS, DOP 3.0, camera bearing 207.9 deg true"
gravenstraat-9,photo_heading,207.9,photos-2009,2009-10-16,1.0,the shopfront lies along this bearing from the fix
kloveniersburgwal-62,name,Basjoe,placesdata-2011,2011-07-18,0.7,
kloveniersburgwal-62,kind,coffeeshop,placesdata-2011,2011-07-18,0.8,
kloveniersburgwal-62,phone,+31 20 627 3858,placesdata-2011,2011-07-18,0.5,"seventeen years stale, verify before use"
kloveniersburgwal-62,coordinate,"52.369988,4.897404",placesdata-2011,2011-07-18,0.4,geocoded alongside a GooglePlacePage; never eligible for OSM
kloveniersburgwal-62,key_photo,PicturesOriginal/IMG_5038.JPG,photos-2009,2009-11-08,1.0,Apple iPhone 3GS
kloveniersburgwal-62,trading,true,photos-2009,2009-11-08,1.0,"photographed open; presence attested, not a claim about today"
kloveniersburgwal-62,coordinate,"52.37,4.8978333",photos-2009,2009-11-08,0.6,"own GPS, camera bearing 32.9 deg true"
kloveniersburgwal-62,photo_heading,32.9,photos-2009,2009-11-08,1.0,the shopfront lies along this bearing from the fix
oudezijds-achterburgwal-61,name,Bassment,placesdata-2011,2011-07-18,0.7,
oudezijds-achterburgwal-61,kind,coffeeshop,placesdata-2011,2011-07-18,0.8,
oudezijds-achterburgwal-61,phone,+31 20 638 2951,placesdata-2011,2011-07-18,0.5,"seventeen years stale, verify before use"
oudezijds-achterburgwal-61,coordinate,"52.373233,4.89897",placesdata-2011,2011-07-18,0.4,geocoded alongside a GooglePlacePage; never eligible for OSM
oudezijds-achterburgwal-61,key_photo,PicturesOriginal/IMG_1221.JPG,photos-2009,2009-10-16,1.0,Apple iPhone 3GS
oudezijds-achterburgwal-61,trading,true,photos-2009,2009-10-16,1.0,"photographed open; presence attested, not a claim about today"
oudezijds-achterburgwal-61,coordinate,"52.3736667,4.899",photos-2009,2009-10-16,0.9,"own GPS, DOP 3.0, camera bearing 181.9 deg true"
oudezijds-achterburgwal-61,photo_heading,181.9,photos-2009,2009-10-16,1.0,the shopfront lies along this bearing from the fix
kolksteeg-10,name,Ben,placesdata-2011,2011-07-18,0.7,
kolksteeg-10,kind,coffeeshop,placesdata-2011,2011-07-18,0.8,
kolksteeg-10,phone,+31 20 623 7006,placesdata-2011,2011-07-18,0.5,"seventeen years stale, verify before use"
kolksteeg-10,coordinate,"52.376208,4.89527",placesdata-2011,2011-07-18,0.4,geocoded alongside a GooglePlacePage; never eligible for OSM
kolksteeg-10,key_photo,PicturesOriginal/IMG_0044.JPG,photos-2009,2009-10-04,1.0,Apple iPhone 3GS
kolksteeg-10,trading,true,photos-2009,2009-10-04,1.0,"photographed open; presence attested, not a claim about today"
kolksteeg-10,coordinate,"52.376,4.896",photos-2009,2009-10-04,0.6,"own GPS, camera bearing 323.9 deg true"
kolksteeg-10,photo_heading,323.9,photos-2009,2009-10-04,1.0,the shopfront lies along this bearing from the fix
niasstraat-1,name,Best Friends,placesdata-2011,2011-07-18,0.7,
niasstraat-1,kind,coffeeshop,placesdata-2011,2011-07-18,0.8,
niasstraat-1,phone,+31 20 362 3654,placesdata-2011,2011-07-18,0.5,"seventeen years stale, verify before use"
niasstraat-1,coordinate,"52.365074,4.939606",placesdata-2011,2011-07-18,0.4,geocoded alongside a GooglePlacePage; never eligible for OSM
niasstraat-1,key_photo,PicturesOriginal/IMG_0452.JPG,photos-2009,2009-10-13,1.0,Apple iPhone 3GS
niasstraat-1,trading,true,photos-2009,2009-10-13,1.0,"photographed open; presence attested, not a claim about today"
niasstraat-1,coordinate,"52.3651667,4.9396667",photos-2009,2009-10-13,0.9,"own GPS, DOP 1.0, camera bearing 273.9 deg true"
niasstraat-1,photo_heading,273.9,photos-2009,2009-10-13,1.0,the shopfront lies along this bearing from the fix
nieuwezijds-kolk-21,name,Betty Boop,placesdata-2011,2011-07-18,0.7,
nieuwezijds-kolk-21,kind,coffeeshop,placesdata-2011,2011-07-18,0.8,
nieuwezijds-kolk-21,phone,+31 20 622 5187,placesdata-2011,2011-07-18,0.5,"seventeen years stale, verify before use"
nieuwezijds-kolk-21,website,http://coffeeshopbettyboop.com,placesdata-2011,2011-07-18,0.4,
nieuwezijds-kolk-21,coordinate,"52.376334,4.894766",placesdata-2011,2011-07-18,0.4,geocoded alongside a GooglePlacePage; never eligible for OSM
nieuwezijds-kolk-21,key_photo,PicturesOriginal/IMG_0300.JPG,photos-2009,2009-10-06,1.0,Apple iPhone 3GS
nieuwezijds-kolk-21,trading,true,photos-2009,2009-10-06,1.0,"photographed open; presence attested, not a claim about today"
nieuwezijds-kolk-21,coordinate,"52.3763333,4.8943333",photos-2009,2009-10-06,0.6,"own GPS, camera bearing 314.9 deg true"
nieuwezijds-kolk-21,photo_heading,314.9,photos-2009,2009-10-06,1.0,the shopfront lies along this bearing from the fix
reguliersdwarsstraat-29,name,Betty Too,placesdata-2011,2011-07-18,0.7,
reguliersdwarsstraat-29,kind,coffeeshop,placesdata-2011,2011-07-18,0.8,
reguliersdwarsstraat-29,phone,+31 20 627 0333,placesdata-2011,2011-07-18,0.5,"seventeen years stale, verify before use"
reguliersdwarsstraat-29,foursquare,57124,placesdata-2011,2011-07-18,0.5,
reguliersdwarsstraat-29,coordinate,"52.366562,4.890267",placesdata-2011,2011-07-18,0.4,geocoded alongside a GooglePlacePage; never eligible for OSM
reguliersdwarsstraat-29,key_photo,PicturesOriginal/IMG_0165.JPG,photos-2009,2009-10-06,1.0,Apple iPhone 3GS
reguliersdwarsstraat-29,trading,true,photos-2009,2009-10-06,1.0,"photographed open; presence attested, not a claim about today"
reguliersdwarsstraat-29,coordinate,"52.3666667,4.8896667",photos-2009,2009-10-06,0.6,"own GPS, camera bearing 37.9 deg true"
reguliersdwarsstraat-29,photo_heading,37.9,photos-2009,2009-10-06,1.0,the shopfront lies along this bearing from the fix
hazenstraat-15,name,Biba,placesdata-2011,2011-07-18,0.7,
hazenstraat-15,kind,coffeeshop,placesdata-2011,2011-07-18,0.8,
hazenstraat-15,phone,+31 20 626 1134,placesdata-2011,2011-07-18,0.5,"seventeen years stale, verify before use"
hazenstraat-15,coordinate,"52.370791,4.880054",placesdata-2011,2011-07-18,0.4,geocoded alongside a GooglePlacePage; never eligible for OSM
hazenstraat-15,key_photo,PicturesOriginal/IMG_1096.JPG,photos-2009,2009-10-16,1.0,Apple iPhone 3GS
hazenstraat-15,trading,true,photos-2009,2009-10-16,1.0,"photographed open; presence attested, not a claim about today"
hazenstraat-15,coordinate,"52.3706667,4.88",photos-2009,2009-10-16,0.9,"own GPS, DOP 3.0, camera bearing 349.9 deg true"
hazenstraat-15,photo_heading,349.9,photos-2009,2009-10-16,1.0,the shopfront lies along this bearing from the fix
bonairestraat-78,name,Bij,placesdata-2011,2011-07-18,0.7,
bonairestraat-78,kind,coffeeshop,placesdata-2011,2011-07-18,0.8,
bonairestraat-78,phone,+31 20 683 2735,placesdata-2011,2011-07-18,0.5,"seventeen years stale, verify before use"
bonairestraat-78,coordinate,"52.36208,4.855402",placesdata-2011,2011-07-18,0.4,geocoded alongside a GooglePlacePage; never eligible for OSM
bonairestraat-78,key_photo,PicturesOriginal/IMG_0746.JPG,photos-2009,2009-10-14,1.0,Apple iPhone 3GS
bonairestraat-78,trading,true,photos-2009,2009-10-14,1.0,"photographed open; presence attested, not a claim about today"
bonairestraat-78,coordinate,"52.3621667,4.8553333",photos-2009,2009-10-14,0.9,"own GPS, DOP 1.0, camera bearing 29.9 deg true"
bonairestraat-78,photo_heading,29.9,photos-2009,2009-10-14,1.0,the shopfront lies along this bearing from the fix
overtoom-342,name,Blue Lagoon,placesdata-2011,2011-07-18,0.7,
overtoom-342,kind,coffeeshop,placesdata-2011,2011-07-18,0.8,
overtoom-342,phone,+31 20 612 6232,placesdata-2011,2011-07-18,0.5,"seventeen years stale, verify before use"
overtoom-342,coordinate,"52.36104,4.868005",placesdata-2011,2011-07-18,0.4,geocoded alongside a GooglePlacePage; never eligible for OSM
overtoom-342,key_photo,PicturesOriginal/IMG_0766.JPG,photos-2009,2009-10-14,1.0,Apple iPhone 3GS
overtoom-342,trading,true,photos-2009,2009-10-14,1.0,"photographed open; presence attested, not a claim about today"
overtoom-342,coordinate,"52.3605,4.8663333",photos-2009,2009-10-14,0.9,"own GPS, DOP 3.0, camera bearing 24.9 deg true"
overtoom-342,photo_heading,24.9,photos-2009,2009-10-14,1.0,the shopfront lies along this bearing from the fix
van-woustraat-87,name,Blue Sea,placesdata-2011,2011-07-18,0.7,
van-woustraat-87,kind,coffeeshop,placesdata-2011,2011-07-18,0.8,
van-woustraat-87,phone,+31 20 676 1991,placesdata-2011,2011-07-18,0.5,"seventeen years stale, verify before use"
van-woustraat-87,coordinate,"52.354702,4.901535",placesdata-2011,2011-07-18,0.4,geocoded alongside a GooglePlacePage; never eligible for OSM
van-woustraat-87,key_photo,PicturesOriginal/IMG_0854.JPG,photos-2009,2009-10-15,1.0,Apple iPhone 3GS
van-woustraat-87,trading,true,photos-2009,2009-10-15,1.0,"photographed open; presence attested, not a claim about today"
van-woustraat-87,coordinate,"52.3545,4.9015",photos-2009,2009-10-15,0.9,"own GPS, DOP 3.0, camera bearing 349.9 deg true"
van-woustraat-87,photo_heading,349.9,photos-2009,2009-10-15,1.0,the shopfront lies along this bearing from the fix
sint-antoniesbreestraat-71,name,The Bluebird,placesdata-2011,2011-07-18,0.7,
sint-antoniesbreestraat-71,sort_name,Bluebird,placesdata-2011,2011-07-18,0.7,
sint-antoniesbreestraat-71,kind,coffeeshop,placesdata-2011,2011-07-18,0.8,
sint-antoniesbreestraat-71,phone,+31 20 622 5232,placesdata-2011,2011-07-18,0.5,"seventeen years stale, verify before use"
sint-antoniesbreestraat-71,coordinate,"52.369963,4.900835",placesdata-2011,2011-07-18,0.4,geocoded alongside a GooglePlacePage; never eligible for OSM
sint-antoniesbreestraat-71,key_photo,PicturesOriginal/IMG_1001.JPG,photos-2009,2009-10-16,1.0,Apple iPhone 3GS
sint-antoniesbreestraat-71,trading,true,photos-2009,2009-10-16,1.0,"photographed open; presence attested, not a claim about today"
sint-antoniesbreestraat-71,coordinate,"52.3696667,4.9008333",photos-2009,2009-10-16,0.9,"own GPS, DOP 3.0, camera bearing 38.9 deg true"
sint-antoniesbreestraat-71,photo_heading,38.9,photos-2009,2009-10-16,1.0,the shopfront lies along this bearing from the fix
nieuwendijk-89,name,Blues Brothers,placesdata-2011,2011-07-18,0.7,
nieuwendijk-89,kind,coffeeshop,placesdata-2011,2011-07-18,0.8,
nieuwendijk-89,phone,+31 20 627 3845,placesdata-2011,2011-07-18,0.5,"seventeen years stale, verify before use"
nieuwendijk-89,coordinate,"52.376751,4.896747",placesdata-2011,2011-07-18,0.4,geocoded alongside a GooglePlacePage; never eligible for OSM
nieuwendijk-89,key_photo,PicturesOriginal/IMG_0345.JPG,photos-2009,2009-10-06,1.0,Apple iPhone 3GS
nieuwendijk-89,trading,true,photos-2009,2009-10-06,1.0,"photographed open; presence attested, not a claim about today"
nieuwendijk-89,coordinate,"52.3768333,4.8963333",photos-2009,2009-10-06,0.9,"own GPS, DOP 3.0, camera bearing 16.9 deg true"
nieuwendijk-89,photo_heading,16.9,photos-2009,2009-10-06,1.0,the shopfront lies along this bearing from the fix
baarsjesweg-239,name,Boere Jongens,placesdata-2011,2011-07-18,0.7,
baarsjesweg-239,kind,coffeeshop,placesdata-2011,2011-07-18,0.8,
baarsjesweg-239,phone,+31 20 618 2128,placesdata-2011,2011-07-18,0.5,"seventeen years stale, verify before use"
baarsjesweg-239,coordinate,"52.362527,4.857616",placesdata-2011,2011-07-18,0.4,geocoded alongside a GooglePlacePage; never eligible for OSM
baarsjesweg-239,key_photo,PicturesOriginal/IMG_0753.JPG,photos-2009,2009-10-14,1.0,Apple iPhone 3GS
baarsjesweg-239,trading,true,photos-2009,2009-10-14,1.0,"photographed open; presence attested, not a claim about today"
baarsjesweg-239,coordinate,"52.3623333,4.8575",photos-2009,2009-10-14,0.9,"own GPS, DOP 3.0, camera bearing 264.9 deg true"
baarsjesweg-239,photo_heading,264.9,photos-2009,2009-10-14,1.0,the shopfront lies along this bearing from the fix
balboastraat-19,name,De Bommel,placesdata-2011,2011-07-18,0.7,
balboastraat-19,sort_name,Bommel,placesdata-2011,2011-07-18,0.7,
balboastraat-19,kind,coffeeshop,placesdata-2011,2011-07-18,0.8,
balboastraat-19,phone,+31 20 685 4509,placesdata-2011,2011-07-18,0.5,"seventeen years stale, verify before use"
balboastraat-19,coordinate,"52.368919,4.853738",placesdata-2011,2011-07-18,0.4,geocoded alongside a GooglePlacePage; never eligible for OSM
balboastraat-19,key_photo,PicturesOriginal/IMG_0736.JPG,photos-2009,2009-10-14,1.0,Apple iPhone 3GS
balboastraat-19,trading,true,photos-2009,2009-10-14,1.0,"photographed open; presence attested, not a claim about today"
balboastraat-19,coordinate,"52.3691667,4.8535",photos-2009,2009-10-14,0.9,"own GPS, DOP 3.0, camera bearing 220.9 deg true"
balboastraat-19,photo_heading,220.9,photos-2009,2009-10-14,1.0,the shopfront lies along this bearing from the fix
amstelveenseweg-1160,name,The Border,placesdata-2011,2011-07-18,0.7,
amstelveenseweg-1160,sort_name,Border,placesdata-2011,2011-07-18,0.7,
amstelveenseweg-1160,kind,coffeeshop,placesdata-2011,2011-07-18,0.8,
amstelveenseweg-1160,phone,+31 20 642 0681,placesdata-2011,2011-07-18,0.5,"seventeen years stale, verify before use"
amstelveenseweg-1160,coordinate,"52.321917,4.857428",placesdata-2011,2011-07-18,0.4,geocoded alongside a GooglePlacePage; never eligible for OSM
amstelveenseweg-1160,key_photo,PicturesOriginal/IMG_5027.JPG,photos-2009,2009-11-06,1.0,Apple iPhone 3GS
amstelveenseweg-1160,trading,true,photos-2009,2009-11-06,1.0,"photographed open; presence attested, not a claim about today"
amstelveenseweg-1160,coordinate,"52.3218333,4.8566667",photos-2009,2009-11-06,0.6,"own GPS, DOP 10.0, camera bearing 5.9 deg true"
amstelveenseweg-1160,photo_heading,5.9,photos-2009,2009-11-06,1.0,the shopfront lies along this bearing from the fix
marnixstraat-92,name,Bronx,placesdata-2011,2011-07-18,0.7,
marnixstraat-92,kind,coffeeshop,placesdata-2011,2011-07-18,0.8,
marnixstraat-92,phone,+31 20 528 7292,placesdata-2011,2011-07-18,0.5,"seventeen years stale, verify before use"
marnixstraat-92,coordinate,"52.379138,4.879355",placesdata-2011,2011-07-18,0.4,geocoded alongside a GooglePlacePage; never eligible for OSM
marnixstraat-92,key_photo,PicturesOriginal/IMG_0927.JPG,photos-2009,2009-10-15,1.0,Apple iPhone 3GS
marnixstraat-92,trading,true,photos-2009,2009-10-15,1.0,"photographed open; presence attested, not a claim about today"
marnixstraat-92,coordinate,"52.3791667,4.8796667",photos-2009,2009-10-15,0.9,"own GPS, DOP 3.0, camera bearing 257.9 deg true"
marnixstraat-92,photo_heading,257.9,photos-2009,2009-10-15,1.0,the shopfront lies along this bearing from the fix
katrijpstraat-301,name,Bros,placesdata-2011,2011-07-18,0.7,
katrijpstraat-301,kind,coffeeshop,placesdata-2011,2011-07-18,0.8,
katrijpstraat-301,phone,+31 20 637 0018,placesdata-2011,2011-07-18,0.5,"seventeen years stale, verify before use"
katrijpstraat-301,coordinate,"52.392991,4.95189",placesdata-2011,2011-07-18,0.4,geocoded alongside a GooglePlacePage; never eligible for OSM
katrijpstraat-301,key_photo,PicturesOriginal/IMG_1281.JPG,photos-2009,2009-10-18,1.0,Apple iPhone 3GS
katrijpstraat-301,trading,true,photos-2009,2009-10-18,1.0,"photographed open; presence attested, not a claim about today"
katrijpstraat-301,coordinate,"52.3938333,4.9531667",photos-2009,2009-10-18,0.9,"own GPS, DOP 3.0, camera bearing 144.9 deg true"
katrijpstraat-301,photo_heading,144.9,photos-2009,2009-10-18,1.0,the shopfront lies along this bearing from the fix
oudezijds-voorburgwal-90,name,The Bulldog,placesdata-2011,2011-07-18,0.7,
oudezijds-voorburgwal-90,sort_name,Bulldog,placesdata-2011,2011-07-18,0.7,
oudezijds-voorburgwal-90,kind,coffeeshop,placesdata-2011,2011-07-18,0.8,
oudezijds-voorburgwal-90,phone,+31 20 625 9864,placesdata-2011,2011-07-18,0.5,"seventeen years stale, verify before use"
oudezijds-voorburgwal-90,website,http://www.bulldog.nl,placesdata-2011,2011-07-18,0.4,
oudezijds-voorburgwal-90,foursquare,2230574,placesdata-2011,2011-07-18,0.5,
oudezijds-voorburgwal-90,coordinate,"52.373603,4.897646",placesdata-2011,2011-07-18,0.4,geocoded alongside a GooglePlacePage; never eligible for OSM
oudezijds-voorburgwal-90,key_photo,PicturesOriginal/IMG_0269.JPG,photos-2009,2009-10-06,1.0,Apple iPhone 3GS
oudezijds-voorburgwal-90,trading,true,photos-2009,2009-10-06,1.0,"photographed open; presence attested, not a claim about today"
oudezijds-voorburgwal-90,coordinate,"52.3735,4.898",photos-2009,2009-10-06,0.9,"own GPS, DOP 3.0, camera bearing 0.9 deg true"
oudezijds-voorburgwal-90,photo_heading,0.9,photos-2009,2009-10-06,1.0,the shopfront lies along this bearing from the fix
oudezijds-voorburgwal-220,name,The Bulldog Energy,placesdata-2011,2011-07-18,0.7,
oudezijds-voorburgwal-220,sort_name,Bulldog Energy,placesdata-2011,2011-07-18,0.7,
oudezijds-voorburgwal-220,kind,coffeeshop,placesdata-2011,2011-07-18,0.8,
oudezijds-voorburgwal-220,phone,+31 20 638 2593,placesdata-2011,2011-07-18,0.5,"seventeen years stale, verify before use"
oudezijds-voorburgwal-220,website,http://www.bulldog.nl,placesdata-2011,2011-07-18,0.4,
oudezijds-voorburgwal-220,foursquare,57870,placesdata-2011,2011-07-18,0.5,
oudezijds-voorburgwal-220,coordinate,"52.372519,4.896209",placesdata-2011,2011-07-18,0.4,geocoded alongside a GooglePlacePage; never eligible for OSM
oudezijds-voorburgwal-220,key_photo,PicturesOriginal/IMG_0259.JPG,photos-2009,2009-10-06,1.0,Apple iPhone 3GS
oudezijds-voorburgwal-220,trading,true,photos-2009,2009-10-06,1.0,"photographed open; presence attested, not a claim about today"
oudezijds-voorburgwal-220,coordinate,"52.3725,4.8973333",photos-2009,2009-10-06,0.6,"own GPS, DOP 10.0, camera bearing 283.9 deg true"
oudezijds-voorburgwal-220,photo_heading,283.9,photos-2009,2009-10-06,1.0,the shopfront lies along this bearing from the fix
spuistraat-7,name,The Bulldog Lounge,placesdata-2011,2011-07-18,0.7,
spuistraat-7,sort_name,Bulldog Lounge,placesdata-2011,2011-07-18,0.7,
spuistraat-7,kind,coffeeshop,placesdata-2011,2011-07-18,0.8,
spuistraat-7,phone,+31 20 420 0282,placesdata-2011,2011-07-18,0.5,"seventeen years stale, verify before use"
spuistraat-7,website,http://www.bulldog.nl,placesdata-2011,2011-07-18,0.4,
spuistraat-7,foursquare,5462192,placesdata-2011,2011-07-18,0.5,
spuistraat-7,coordinate,"52.377102,4.894286",placesdata-2011,2011-07-18,0.4,geocoded alongside a GooglePlacePage; never eligible for OSM
spuistraat-7,key_photo,PicturesOriginal/IMG_0341.JPG,photos-2009,2009-10-06,1.0,Apple iPhone 3GS
spuistraat-7,trading,true,photos-2009,2009-10-06,1.0,"photographed open; presence attested, not a claim about today"
spuistraat-7,coordinate,"52.3771667,4.894",photos-2009,2009-10-06,0.9,"own GPS, DOP 3.0, camera bearing 225.9 deg true"
spuistraat-7,photo_heading,225.9,photos-2009,2009-10-06,1.0,the shopfront lies along this bearing from the fix
oudezijds-voorburgwal-132,name,The Bulldog Mack,placesdata-2011,2011-07-18,0.7,
oudezijds-voorburgwal-132,sort_name,Bulldog Mack,placesdata-2011,2011-07-18,0.7,
oudezijds-voorburgwal-132,kind,coffeeshop,placesdata-2011,2011-07-18,0.8,
oudezijds-voorburgwal-132,phone,+31 20 627 0295,placesdata-2011,2011-07-18,0.5,"seventeen years stale, verify before use"
oudezijds-voorburgwal-132,website,http://www.bulldog.nl,placesdata-2011,2011-07-18,0.4,
oudezijds-voorburgwal-132,foursquare,55273,placesdata-2011,2011-07-18,0.5,
oudezijds-voorburgwal-132,coordinate,"52.373271,4.897126",placesdata-2011,2011-07-18,0.4,geocoded alongside a GooglePlacePage; never eligible for OSM
oudezijds-voorburgwal-132,key_photo,PicturesOriginal/IMG_0264.JPG,photos-2009,2009-10-06,1.0,Apple iPhone 3GS
oudezijds-voorburgwal-132,trading,true,photos-2009,2009-10-06,1.0,"photographed open; presence attested, not a claim about today"
oudezijds-voorburgwal-132,coordinate,"52.3733333,4.898",photos-2009,2009-10-06,0.9,"own GPS, DOP 5.0, camera bearing 284.9 deg true"
oudezijds-voorburgwal-132,photo_heading,284.9,photos-2009,2009-10-06,1.0,the shopfront lies along this bearing from the fix
leidseplein-17,name,The Bulldog Palace,placesdata-2011,2011-07-18,0.7,
leidseplein-17,sort_name,Bulldog Palace,placesdata-2011,2011-07-18,0.7,
leidseplein-17,kind,coffeeshop,placesdata-2011,2011-07-18,0.8,
leidseplein-17,phone,+31 20 422 3444,placesdata-2011,2011-07-18,0.5,"seventeen years stale, verify before use"
leidseplein-17,website,http://www.bulldog.nl,placesdata-2011,2011-07-18,0.4,
leidseplein-17,foursquare,56948,placesdata-2011,2011-07-18,0.5,
leidseplein-17,coordinate,"52.363845,4.88318",placesdata-2011,2011-07-18,0.4,geocoded alongside a GooglePlacePage; never eligible for OSM
leidseplein-17,key_photo,PicturesOriginal/IMG_0194.JPG,photos-2009,2009-10-06,1.0,Apple iPhone 3GS
leidseplein-17,trading,true,photos-2009,2009-10-06,1.0,"photographed open; presence attested, not a claim about today"
leidseplein-17,coordinate,"52.3641667,4.8833333",photos-2009,2009-10-06,0.9,"own GPS, DOP 3.0, camera bearing 139.9 deg true"
leidseplein-17,photo_heading,139.9,photos-2009,2009-10-06,1.0,the shopfront lies along this bearing from the fix
singel-12,name,The Bulldog Rockshop,placesdata-2011,2011-07-18,0.7,
singel-12,sort_name,Bulldog Rockshop,placesdata-2011,2011-07-18,0.7,
singel-12,kind,coffeeshop,placesdata-2011,2011-07-18,0.8,
singel-12,phone,+31 20 627 8900,placesdata-2011,2011-07-18,0.5,"seventeen years stale, verify before use"
singel-12,website,http://www.bulldog.nl,placesdata-2011,2011-07-18,0.4,
singel-12,foursquare,57112,placesdata-2011,2011-07-18,0.5,
singel-12,coordinate,"52.379031,4.89385",placesdata-2011,2011-07-18,0.4,geocoded alongside a GooglePlacePage; never eligible for OSM
singel-12,key_photo,PicturesOriginal/IMG_0373.JPG,photos-2009,2009-10-06,1.0,Apple iPhone 3GS
singel-12,trading,true,photos-2009,2009-10-06,1.0,"photographed open; presence attested, not a claim about today"
singel-12,coordinate,"52.379,4.894",photos-2009,2009-10-06,0.9,"own GPS, DOP 3.0, camera bearing 331.9 deg true"
singel-12,photo_heading,331.9,photos-2009,2009-10-06,1.0,the shopfront lies along this bearing from the fix
woestduinstraat-76,name,Bullwacki,placesdata-2011,2011-07-18,0.7,
woestduinstraat-76,kind,coffeeshop,placesdata-2011,2011-07-18,0.8,
woestduinstraat-76,phone,+31 20 617 9395,placesdata-2011,2011-07-18,0.5,"seventeen years stale, verify before use"
woestduinstraat-76,coordinate,"52.352077,4.847454",placesdata-2011,2011-07-18,0.4,geocoded alongside a GooglePlacePage; never eligible for OSM
woestduinstraat-76,key_photo,PicturesOriginal/IMG_0673.JPG,photos-2009,2009-10-14,1.0,Apple iPhone 3GS
woestduinstraat-76,trading,true,photos-2009,2009-10-14,1.0,"photographed open; presence attested, not a claim about today"
woestduinstraat-76,coordinate,"52.3521667,4.8476667",photos-2009,2009-10-14,0.9,"own GPS, DOP 1.0, camera bearing 122.9 deg true"
woestduinstraat-76,photo_heading,122.9,photos-2009,2009-10-14,1.0,the shopfront lies along this bearing from the fix
amstel-36,name,The Bushdocter 1,placesdata-2011,2011-07-18,0.7,
amstel-36,sort_name,Bushdocter 1,placesdata-2011,2011-07-18,0.7,
amstel-36,kind,coffeeshop,placesdata-2011,2011-07-18,0.8,
amstel-36,coordinate,"52.366891,4.895252",placesdata-2011,2011-07-18,0.4,geocoded alongside a GooglePlacePage; never eligible for OSM
amstel-36,key_photo,PicturesOriginal/IMG_0139.JPG,photos-2009,2009-10-06,1.0,Apple iPhone 3GS
amstel-36,trading,true,photos-2009,2009-10-06,1.0,"photographed open; presence attested, not a claim about today"
amstel-36,coordinate,"52.3671667,4.8956667",photos-2009,2009-10-06,0.9,"own GPS, DOP 3.0, camera bearing 152.9 deg true"
amstel-36,photo_heading,152.9,photos-2009,2009-10-06,1.0,the shopfront lies along this bearing from the fix
thorbeckeplein-28,name,The Bushdocter 2,placesdata-2011,2011-07-18,0.7,
thorbeckeplein-28,sort_name,Bushdocter 2,placesdata-2011,2011-07-18,0.7,
thorbeckeplein-28,kind,coffeeshop,placesdata-2011,2011-07-18,0.8,
thorbeckeplein-28,phone,+31 20 330 7475,placesdata-2011,2011-07-18,0.5,"seventeen years stale, verify before use"
thorbeckeplein-28,coordinate,"52.365099,4.895569",placesdata-2011,2011-07-18,0.4,geocoded alongside a GooglePlacePage; never eligible for OSM
thorbeckeplein-28,key_photo,PicturesOriginal/IMG_0153.JPG,photos-2009,2009-10-06,1.0,Apple iPhone 3GS
thorbeckeplein-28,trading,true,photos-2009,2009-10-06,1.0,"photographed open; presence attested, not a claim about today"
thorbeckeplein-28,coordinate,"52.3655,4.8958333",photos-2009,2009-10-06,0.9,"own GPS, DOP 3.0, camera bearing 234.9 deg true"
thorbeckeplein-28,photo_heading,234.9,photos-2009,2009-10-06,1.0,the shopfront lies along this bearing from the fix
oudezijds-vorburgwal-47,name,Bushman,placesdata-2011,2011-07-18,0.7,
oudezijds-vorburgwal-47,also_known_as,De Oude Kerk,placesdata-2011,2011-07-18,0.6,
oudezijds-vorburgwal-47,kind,coffeeshop,placesdata-2011,2011-07-18,0.8,
oudezijds-vorburgwal-47,phone,+31 20 624 2723,placesdata-2011,2011-07-18,0.5,"seventeen years stale, verify before use"
oudezijds-vorburgwal-47,coordinate,"52.373496,4.899394",placesdata-2011,2011-07-18,0.4,geocoded alongside a GooglePlacePage; never eligible for OSM
oudezijds-vorburgwal-47,key_photo,PicturesOriginal/IMG_1243.JPG,photos-2009,2009-10-16,1.0,Apple iPhone 3GS
oudezijds-vorburgwal-47,trading,true,photos-2009,2009-10-16,1.0,"photographed open; presence attested, not a claim about today"
oudezijds-vorburgwal-47,coordinate,"52.3745,4.8995",photos-2009,2009-10-16,0.9,"own GPS, DOP 3.0, camera bearing 174.9 deg true"
oudezijds-vorburgwal-47,photo_heading,174.9,photos-2009,2009-10-16,1.0,the shopfront lies along this bearing from the fix
2e-jan-van-der-heijdenstraat-43,name,Carmona,placesdata-2011,2011-07-18,0.7,
2e-jan-van-der-heijdenstraat-43,kind,coffeeshop,placesdata-2011,2011-07-18,0.8,
2e-jan-van-der-heijdenstraat-43,phone,+31 20 400 4026,placesdata-2011,2011-07-18,0.5,"seventeen years stale, verify before use"
2e-jan-van-der-heijdenstraat-43,coordinate,"52.355697,4.900969",placesdata-2011,2011-07-18,0.4,geocoded alongside a GooglePlacePage; never eligible for OSM
2e-jan-van-der-heijdenstraat-43,key_photo,PicturesOriginal/IMG_0635.JPG,photos-2009,2009-10-14,1.0,Apple iPhone 3GS
2e-jan-van-der-heijdenstraat-43,trading,true,photos-2009,2009-10-14,1.0,"photographed open; presence attested, not a claim about today"
2e-jan-van-der-heijdenstraat-43,coordinate,"52.3556667,4.901",photos-2009,2009-10-14,0.9,"own GPS, DOP 3.0, camera bearing 301.9 deg true"
2e-jan-van-der-heijdenstraat-43,photo_heading,301.9,photos-2009,2009-10-14,1.0,the shopfront lies along this bearing from the fix
nassaukade-33,name,Catch 33,placesdata-2011,2011-07-18,0.7,
nassaukade-33,kind,coffeeshop,placesdata-2011,2011-07-18,0.8,
nassaukade-33,phone,+31 20 486 2444,placesdata-2011,2011-07-18,0.5,"seventeen years stale, verify before use"
nassaukade-33,coordinate,"52.383171,4.880363",placesdata-2011,2011-07-18,0.4,geocoded alongside a GooglePlacePage; never eligible for OSM
nassaukade-33,key_photo,PicturesOriginal/IMG_0939.JPG,photos-2009,2009-10-15,1.0,Apple iPhone 3GS
nassaukade-33,trading,true,photos-2009,2009-10-15,1.0,"photographed open; presence attested, not a claim about today"
nassaukade-33,coordinate,"52.3825,4.8798333",photos-2009,2009-10-15,0.9,"own GPS, DOP 3.0, camera bearing 352.9 deg true"
nassaukade-33,photo_heading,352.9,photos-2009,2009-10-15,1.0,the shopfront lies along this bearing from the fix
prins-hendrikkade-89,name,Central,placesdata-2011,2011-07-18,0.7,
prins-hendrikkade-89,kind,coffeeshop,placesdata-2011,2011-07-18,0.8,
prins-hendrikkade-89,coordinate,"52.376848,4.901821",placesdata-2011,2011-07-18,0.4,geocoded alongside a GooglePlacePage; never eligible for OSM
prins-hendrikkade-89,key_photo,PicturesOriginal/IMG_0031.JPG,photos-2009,2009-10-04,1.0,Apple iPhone 3GS
prins-hendrikkade-89,trading,true,photos-2009,2009-10-04,1.0,"photographed open; presence attested, not a claim about today"
prins-hendrikkade-89,coordinate,"52.3768333,4.9023333",photos-2009,2009-10-04,0.6,"own GPS, camera bearing 185.9 deg true"
prins-hendrikkade-89,photo_heading,185.9,photos-2009,2009-10-04,1.0,the shopfront lies along this bearing from the fix
jan-van-galenstraat-147,name,The Challenger,placesdata-2011,2011-07-18,0.7,
jan-van-galenstraat-147,sort_name,Challenger,placesdata-2011,2011-07-18,0.7,
jan-van-galenstraat-147,kind,coffeeshop,placesdata-2011,2011-07-18,0.8,
jan-van-galenstraat-147,phone,+31 20 685 3401,placesdata-2011,2011-07-18,0.5,"seventeen years stale, verify before use"
jan-van-galenstraat-147,coordinate,"52.374366,4.857006",placesdata-2011,2011-07-18,0.4,geocoded alongside a GooglePlacePage; never eligible for OSM
jan-van-galenstraat-147,key_photo,PicturesOriginal/IMG_0698.JPG,photos-2009,2009-10-14,1.0,Apple iPhone 3GS
jan-van-galenstraat-147,trading,true,photos-2009,2009-10-14,1.0,"photographed open; presence attested, not a claim about today"
jan-van-galenstraat-147,coordinate,"52.3743333,4.8571667",photos-2009,2009-10-14,0.9,"own GPS, DOP 3.0, camera bearing 214.9 deg true"
jan-van-galenstraat-147,photo_heading,214.9,photos-2009,2009-10-14,1.0,the shopfront lies along this bearing from the fix
van-boetzelaerstraat-31,name,Chapiteau,placesdata-2011,2011-07-18,0.7,
van-boetzelaerstraat-31,kind,coffeeshop,placesdata-2011,2011-07-18,0.8,
van-boetzelaerstraat-31,phone,+31 20 682 2548,placesdata-2011,2011-07-18,0.5,"seventeen years stale, verify before use"
van-boetzelaerstraat-31,coordinate,"52.382287,4.873085",placesdata-2011,2011-07-18,0.4,geocoded alongside a GooglePlacePage; never eligible for OSM
van-boetzelaerstraat-31,key_photo,PicturesOriginal/IMG_0952.JPG,photos-2009,2009-10-15,1.0,Apple iPhone 3GS
van-boetzelaerstraat-31,trading,true,photos-2009,2009-10-15,1.0,"photographed open; presence attested, not a claim about today"
van-boetzelaerstraat-31,coordinate,"52.3825,4.873",photos-2009,2009-10-15,0.9,"own GPS, DOP 3.0, camera bearing 140.9 deg true"
van-boetzelaerstraat-31,photo_heading,140.9,photos-2009,2009-10-15,1.0,the shopfront lies along this bearing from the fix
de-clercqstraat-30,name,2e Cheech & Chong's,placesdata-2011,2011-07-18,0.7,
de-clercqstraat-30,sort_name,Cheech & Chong's,placesdata-2011,2011-07-18,0.7,
de-clercqstraat-30,kind,coffeeshop,placesdata-2011,2011-07-18,0.8,
de-clercqstraat-30,phone,+31 20 685 4810,placesdata-2011,2011-07-18,0.5,"seventeen years stale, verify before use"
de-clercqstraat-30,coordinate,"52.371352,4.871309",placesdata-2011,2011-07-18,0.4,geocoded alongside a GooglePlacePage; never eligible for OSM
de-clercqstraat-30,key_photo,PicturesOriginal/IMG_0780.JPG,photos-2009,2009-10-14,1.0,Apple iPhone 3GS
de-clercqstraat-30,trading,true,photos-2009,2009-10-14,1.0,"photographed open; presence attested, not a claim about today"
de-clercqstraat-30,coordinate,"52.3713333,4.8715",photos-2009,2009-10-14,0.9,"own GPS, DOP 3.0, camera bearing 307.9 deg true"
de-clercqstraat-30,photo_heading,307.9,photos-2009,2009-10-14,1.0,the shopfront lies along this bearing from the fix
oudezijds-voorburgwal-189,name,City Hall,placesdata-2011,2011-07-18,0.7,
oudezijds-voorburgwal-189,kind,coffeeshop,placesdata-2011,2011-07-18,0.8,
oudezijds-voorburgwal-189,phone,+31 20 626 3985,placesdata-2011,2011-07-18,0.5,"seventeen years stale, verify before use"
oudezijds-voorburgwal-189,website,http://www.cityhall.nl,placesdata-2011,2011-07-18,0.4,
oudezijds-voorburgwal-189,coordinate,"52.371492,4.895911",placesdata-2011,2011-07-18,0.4,geocoded alongside a GooglePlacePage; never eligible for OSM
oudezijds-voorburgwal-189,key_photo,PicturesOriginal/IMG_0254.JPG,photos-2009,2009-10-06,1.0,Apple iPhone 3GS
oudezijds-voorburgwal-189,trading,true,photos-2009,2009-10-06,1.0,"photographed open; presence attested, not a claim about today"
oudezijds-voorburgwal-189,coordinate,"52.3713333,4.896",photos-2009,2009-10-06,0.9,"own GPS, DOP 3.0, camera bearing 31.9 deg true"
oudezijds-voorburgwal-189,photo_heading,31.9,photos-2009,2009-10-06,1.0,the shopfront lies along this bearing from the fix
gerard-doustraat-85,name,Club Media,placesdata-2011,2011-07-18,0.7,
gerard-doustraat-85,kind,coffeeshop,placesdata-2011,2011-07-18,0.8,
gerard-doustraat-85,phone,+31 20 664 5889,placesdata-2011,2011-07-18,0.5,"seventeen years stale, verify before use"
gerard-doustraat-85,coordinate,"52.355843,4.89172",placesdata-2011,2011-07-18,0.4,geocoded alongside a GooglePlacePage; never eligible for OSM
gerard-doustraat-85,key_photo,PicturesOriginal/IMG_0577.JPG,photos-2009,2009-10-13,1.0,Apple iPhone 3GS
gerard-doustraat-85,trading,true,photos-2009,2009-10-13,1.0,"photographed open; presence attested, not a claim about today"
gerard-doustraat-85,coordinate,"52.3558333,4.892",photos-2009,2009-10-13,0.9,"own GPS, DOP 1.0, camera bearing 267.9 deg true"
gerard-doustraat-85,photo_heading,267.9,photos-2009,2009-10-13,1.0,the shopfront lies along this bearing from the fix
brouwersgracht-137,name,Coffeeshop 137,placesdata-2011,2011-07-18,0.7,
brouwersgracht-137,kind,coffeeshop,placesdata-2011,2011-07-18,0.8,
brouwersgracht-137,phone,+31 20 627 0764,placesdata-2011,2011-07-18,0.5,"seventeen years stale, verify before use"
brouwersgracht-137,coordinate,"52.381397,4.886306",placesdata-2011,2011-07-18,0.4,geocoded alongside a GooglePlacePage; never eligible for OSM
brouwersgracht-137,key_photo,PicturesOriginal/IMG_0390.JPG,photos-2009,2009-10-06,1.0,Apple iPhone 3GS
brouwersgracht-137,trading,true,photos-2009,2009-10-06,1.0,"photographed open; presence attested, not a claim about today"
brouwersgracht-137,coordinate,"52.3815,4.8863333",photos-2009,2009-10-06,0.9,"own GPS, DOP 3.0, camera bearing 89.9 deg true"
brouwersgracht-137,photo_heading,89.9,photos-2009,2009-10-06,1.0,the shopfront lies along this bearing from the fix
hudsonstraat-156,name,Coffeeshop 156,placesdata-2011,2011-07-18,0.7,
hudsonstraat-156,kind,coffeeshop,placesdata-2011,2011-07-18,0.8,
hudsonstraat-156,phone,+31 20 685 5308,placesdata-2011,2011-07-18,0.5,"seventeen years stale, verify before use"
hudsonstraat-156,coordinate,"52.369204,4.852626",placesdata-2011,2011-07-18,0.4,geocoded alongside a GooglePlacePage; never eligible for OSM
hudsonstraat-156,key_photo,PicturesOriginal/IMG_0730.JPG,photos-2009,2009-10-14,1.0,Apple iPhone 3GS
hudsonstraat-156,trading,true,photos-2009,2009-10-14,1.0,"photographed open; presence attested, not a claim about today"
hudsonstraat-156,coordinate,"52.3696667,4.8523333",photos-2009,2009-10-14,0.9,"own GPS, DOP 1.0, camera bearing 68.9 deg true"
hudsonstraat-156,photo_heading,68.9,photos-2009,2009-10-14,1.0,the shopfront lies along this bearing from the fix
warmoesstraat-36,name,Coffeeshop 36,placesdata-2011,2011-07-18,0.7,
warmoesstraat-36,kind,coffeeshop,placesdata-2011,2011-07-18,0.8,
warmoesstraat-36,phone,+31 20 624 2493,placesdata-2011,2011-07-18,0.5,"seventeen years stale, verify before use"
warmoesstraat-36,coordinate,"52.375791,4.898479",placesdata-2011,2011-07-18,0.4,geocoded alongside a GooglePlacePage; never eligible for OSM
warmoesstraat-36,key_photo,PicturesOriginal/IMG_0023.JPG,photos-2009,2009-10-04,1.0,Apple iPhone 3GS
warmoesstraat-36,trading,true,photos-2009,2009-10-04,1.0,"photographed open; presence attested, not a claim about today"
warmoesstraat-36,coordinate,"52.3755,4.8983333",photos-2009,2009-10-04,0.6,"own GPS, camera bearing 9.9 deg true"
warmoesstraat-36,photo_heading,9.9,photos-2009,2009-10-04,1.0,the shopfront lies along this bearing from the fix
jan-pieter-heijestraat-96,name,Coffeeshop 96,placesdata-2011,2011-07-18,0.7,
jan-pieter-heijestraat-96,kind,coffeeshop,placesdata-2011,2011-07-18,0.8,
jan-pieter-heijestraat-96,phone,+31 20 618 6084,placesdata-2011,2011-07-18,0.5,"seventeen years stale, verify before use"
jan-pieter-heijestraat-96,coordinate,"52.363633,4.863265",placesdata-2011,2011-07-18,0.4,geocoded alongside a GooglePlacePage; never eligible for OSM
jan-pieter-heijestraat-96,key_photo,PicturesOriginal/IMG_0793.JPG,photos-2009,2009-10-14,1.0,Apple iPhone 3GS
jan-pieter-heijestraat-96,trading,true,photos-2009,2009-10-14,1.0,"photographed open; presence attested, not a claim about today"
jan-pieter-heijestraat-96,coordinate,"52.3638333,4.8635",photos-2009,2009-10-14,0.9,"own GPS, DOP 3.0, camera bearing 233.9 deg true"
jan-pieter-heijestraat-96,photo_heading,233.9,photos-2009,2009-10-14,1.0,the shopfront lies along this bearing from the fix
pretoriusstraat-67,name,Crash Light,placesdata-2011,2011-07-18,0.7,
pretoriusstraat-67,kind,coffeeshop,placesdata-2011,2011-07-18,0.8,
pretoriusstraat-67,phone,+31 20 665 9757,placesdata-2011,2011-07-18,0.5,"seventeen years stale, verify before use"
pretoriusstraat-67,coordinate,"52.354741,4.922215",placesdata-2011,2011-07-18,0.4,geocoded alongside a GooglePlacePage; never eligible for OSM
pretoriusstraat-67,key_photo,PicturesOriginal/IMG_0500.JPG,photos-2009,2009-10-13,1.0,Apple iPhone 3GS
pretoriusstraat-67,trading,true,photos-2009,2009-10-13,1.0,"photographed open; presence attested, not a claim about today"
pretoriusstraat-67,coordinate,"52.355,4.922",photos-2009,2009-10-13,0.9,"own GPS, DOP 3.0, camera bearing 42.9 deg true"
pretoriusstraat-67,photo_heading,42.9,photos-2009,2009-10-13,1.0,the shopfront lies along this bearing from the fix
marnixstraat-383,name,Crush,placesdata-2011,2011-07-18,0.7,
marnixstraat-383,kind,coffeeshop,placesdata-2011,2011-07-18,0.8,
marnixstraat-383,phone,+31 20 420 4435,placesdata-2011,2011-07-18,0.5,"seventeen years stale, verify before use"
marnixstraat-383,coordinate,"52.366079,4.880039",placesdata-2011,2011-07-18,0.4,geocoded alongside a GooglePlacePage; never eligible for OSM
marnixstraat-383,key_photo,PicturesOriginal/IMG_0884.JPG,photos-2009,2009-10-15,1.0,Apple iPhone 3GS
marnixstraat-383,trading,true,photos-2009,2009-10-15,1.0,"photographed open; presence attested, not a claim about today"
marnixstraat-383,coordinate,"52.3658333,4.8801667",photos-2009,2009-10-15,0.9,"own GPS, DOP 5.0"
handboogstraat-29,name,De Dampkring 1,placesdata-2011,2011-07-18,0.7,
handboogstraat-29,sort_name,Dampkring 1,placesdata-2011,2011-07-18,0.7,
handboogstraat-29,kind,coffeeshop,placesdata-2011,2011-07-18,0.8,
handboogstraat-29,phone,+31 20 638 0705,placesdata-2011,2011-07-18,0.5,"seventeen years stale, verify before use"
handboogstraat-29,website,http://www.dampkring.nl,placesdata-2011,2011-07-18,0.4,
handboogstraat-29,coordinate,"52.367773,4.890592",placesdata-2011,2011-07-18,0.4,geocoded alongside a GooglePlacePage; never eligible for OSM
handboogstraat-29,key_photo,PicturesOriginal/IMG_0242.JPG,photos-2009,2009-10-06,1.0,Apple iPhone 3GS
handboogstraat-29,trading,true,photos-2009,2009-10-06,1.0,"photographed open; presence attested, not a claim about today"
handboogstraat-29,coordinate,"52.3686667,4.8891667",photos-2009,2009-10-06,0.6,"own GPS, camera bearing 67.9 deg true"
handboogstraat-29,photo_heading,67.9,photos-2009,2009-10-06,1.0,the shopfront lies along this bearing from the fix
haarlemmerstraat-44,name,De Dampkring 2,placesdata-2011,2011-07-18,0.7,
haarlemmerstraat-44,sort_name,Dampkring 2,placesdata-2011,2011-07-18,0.7,
haarlemmerstraat-44,kind,coffeeshop,placesdata-2011,2011-07-18,0.8,
haarlemmerstraat-44,phone,+31 20 320 5427,placesdata-2011,2011-07-18,0.5,"seventeen years stale, verify before use"
haarlemmerstraat-44,website,http://www.dampkring.nl,placesdata-2011,2011-07-18,0.4,
haarlemmerstraat-44,coordinate,"52.380005,4.892907",placesdata-2011,2011-07-18,0.4,geocoded alongside a GooglePlacePage; never eligible for OSM
haarlemmerstraat-44,key_photo,PicturesOriginal/IMG_0980.JPG,photos-2009,2009-10-15,1.0,Apple iPhone 3GS
haarlemmerstraat-44,trading,true,photos-2009,2009-10-15,1.0,"photographed open; presence attested, not a claim about today"
haarlemmerstraat-44,coordinate,"52.3801667,4.8928333",photos-2009,2009-10-15,0.9,"own GPS, DOP 3.0, camera bearing 100.9 deg true"
haarlemmerstraat-44,photo_heading,100.9,photos-2009,2009-10-15,1.0,the shopfront lies along this bearing from the fix
kerkstraat-39,name,The Dolphin's,placesdata-2011,2011-07-18,0.7,
kerkstraat-39,sort_name,Dolphin's,placesdata-2011,2011-07-18,0.7,
kerkstraat-39,kind,coffeeshop,placesdata-2011,2011-07-18,0.8,
kerkstraat-39,phone,+31 20 774 3336,placesdata-2011,2011-07-18,0.5,"seventeen years stale, verify before use"
kerkstraat-39,coordinate,"52.365655,4.885331",placesdata-2011,2011-07-18,0.4,geocoded alongside a GooglePlacePage; never eligible for OSM
kerkstraat-39,key_photo,PicturesOriginal/IMG_0172.JPG,photos-2009,2009-10-06,1.0,Apple iPhone 3GS
kerkstraat-39,trading,true,photos-2009,2009-10-06,1.0,"photographed open; presence attested, not a claim about today"
kerkstraat-39,coordinate,"52.3655,4.8853333",photos-2009,2009-10-06,0.9,"own GPS, DOP 5.0, camera bearing 38.9 deg true"
kerkstraat-39,photo_heading,38.9,photos-2009,2009-10-06,1.0,the shopfront lies along this bearing from the fix
singel-14,name,The Doors,placesdata-2011,2011-07-18,0.7,
singel-14,sort_name,Doors,placesdata-2011,2011-07-18,0.7,
singel-14,kind,coffeeshop,placesdata-2011,2011-07-18,0.8,
singel-14,phone,+31 20 626 3900,placesdata-2011,2011-07-18,0.5,"seventeen years stale, verify before use"
singel-14,foursquare,55801,placesdata-2011,2011-07-18,0.5,
singel-14,coordinate,"52.378989,4.893808",placesdata-2011,2011-07-18,0.4,geocoded alongside a GooglePlacePage; never eligible for OSM
singel-14,key_photo,PicturesOriginal/IMG_0335.JPG,photos-2009,2009-10-06,1.0,Apple iPhone 3GS
singel-14,trading,true,photos-2009,2009-10-06,1.0,"photographed open; presence attested, not a claim about today"
singel-14,coordinate,"52.3761667,4.8928333",photos-2009,2009-10-06,0.9,"own GPS, DOP 3.0, camera bearing 359.9 deg true"
singel-14,photo_heading,359.9,photos-2009,2009-10-06,1.0,the shopfront lies along this bearing from the fix
spuistraat-46,name,The Doors Palace,placesdata-2011,2011-07-18,0.7,
spuistraat-46,sort_name,Doors Palace,placesdata-2011,2011-07-18,0.7,
spuistraat-46,kind,coffeeshop,placesdata-2011,2011-07-18,0.8,
spuistraat-46,phone,+31 20 625 0996,placesdata-2011,2011-07-18,0.5,"seventeen years stale, verify before use"
spuistraat-46,foursquare,55301,placesdata-2011,2011-07-18,0.5,
spuistraat-46,coordinate,"52.376276,4.892579",placesdata-2011,2011-07-18,0.4,geocoded alongside a GooglePlacePage; never eligible for OSM
spuistraat-46,key_photo,PicturesOriginal/IMG_1176.JPG,photos-2009,2009-10-16,1.0,Apple iPhone 3GS
spuistraat-46,trading,true,photos-2009,2009-10-16,1.0,"photographed open; presence attested, not a claim about today"
spuistraat-46,coordinate,"52.3761667,4.8925",photos-2009,2009-10-16,0.9,"own GPS, DOP 3.0, camera bearing 294.9 deg true"
spuistraat-46,photo_heading,294.9,photos-2009,2009-10-16,1.0,the shopfront lies along this bearing from the fix
nieuwendijk-32,name,Double Reggae,placesdata-2011,2011-07-18,0.7,
nieuwendijk-32,kind,coffeeshop,placesdata-2011,2011-07-18,0.8,
nieuwendijk-32,phone,+31 20 638 6101,placesdata-2011,2011-07-18,0.5,"seventeen years stale, verify before use"
nieuwendijk-32,coordinate,"52.378181,4.895436",placesdata-2011,2011-07-18,0.4,geocoded alongside a GooglePlacePage; never eligible for OSM
nieuwendijk-32,key_photo,PicturesOriginal/IMG_0361.JPG,photos-2009,2009-10-06,1.0,Apple iPhone 3GS
nieuwendijk-32,trading,true,photos-2009,2009-10-06,1.0,"photographed open; presence attested, not a claim about today"
nieuwendijk-32,coordinate,"52.378,4.8961667",photos-2009,2009-10-06,0.6,"own GPS, camera bearing 117.9 deg true"
nieuwendijk-32,photo_heading,117.9,photos-2009,2009-10-06,1.0,the shopfront lies along this bearing from the fix
witte-de-withstraat-30,name,The Dream,placesdata-2011,2011-07-18,0.7,
witte-de-withstraat-30,sort_name,Dream,placesdata-2011,2011-07-18,0.7,
witte-de-withstraat-30,kind,coffeeshop,placesdata-2011,2011-07-18,0.8,
witte-de-withstraat-30,phone,+31 20 685 3847,placesdata-2011,2011-07-18,0.5,"seventeen years stale, verify before use"
witte-de-withstraat-30,coordinate,"52.365866,4.859533",placesdata-2011,2011-07-18,0.4,geocoded alongside a GooglePlacePage; never eligible for OSM
witte-de-withstraat-30,key_photo,PicturesOriginal/IMG_0805.JPG,photos-2009,2009-10-14,1.0,Apple iPhone 3GS
witte-de-withstraat-30,trading,true,photos-2009,2009-10-14,1.0,"photographed open; presence attested, not a claim about today"
witte-de-withstraat-30,coordinate,"52.3658333,4.8591667",photos-2009,2009-10-14,0.9,"own GPS, DOP 3.0, camera bearing 38.9 deg true"
witte-de-withstraat-30,photo_heading,38.9,photos-2009,2009-10-14,1.0,the shopfront lies along this bearing from the fix
singel-387,name,Dutch Flowers,placesdata-2011,2011-07-18,0.7,
singel-387,kind,coffeeshop,placesdata-2011,2011-07-18,0.8,
singel-387,phone,+31 20  624 7624,placesdata-2011,2011-07-18,0.5,"seventeen years stale, verify before use"
singel-387,coordinate,"52.368731,4.888293",placesdata-2011,2011-07-18,0.4,geocoded alongside a GooglePlacePage; never eligible for OSM
singel-387,key_photo,PicturesOriginal/IMG_1063.JPG,photos-2009,2009-10-16,1.0,Apple iPhone 3GS
singel-387,trading,true,photos-2009,2009-10-16,1.0,"photographed open; presence attested, not a claim about today"
singel-387,coordinate,"52.3688333,4.8881667",photos-2009,2009-10-16,0.9,"own GPS, DOP 3.0, camera bearing 359.9 deg true"
singel-387,photo_heading,359.9,photos-2009,2009-10-16,1.0,the shopfront lies along this bearing from the fix
pieter-vlamingstraat-98,name,Eastwood,placesdata-2011,2011-07-18,0.7,
pieter-vlamingstraat-98,kind,coffeeshop,placesdata-2011,2011-07-18,0.8,
pieter-vlamingstraat-98,phone,+31 20 624 7624,placesdata-2011,2011-07-18,0.5,"seventeen years stale, verify before use"
pieter-vlamingstraat-98,coordinate,"52.36522,4.92783",placesdata-2011,2011-07-18,0.4,geocoded alongside a GooglePlacePage; never eligible for OSM
pieter-vlamingstraat-98,key_photo,PicturesOriginal/IMG_0464.JPG,photos-2009,2009-10-13,1.0,Apple iPhone 3GS
pieter-vlamingstraat-98,trading,true,photos-2009,2009-10-13,1.0,"photographed open; presence attested, not a claim about today"
pieter-vlamingstraat-98,coordinate,"52.3651667,4.9278333",photos-2009,2009-10-13,0.9,"own GPS, DOP 0.5, camera bearing 74.9 deg true"
pieter-vlamingstraat-98,photo_heading,74.9,photos-2009,2009-10-13,1.0,the shopfront lies along this bearing from the fix
prinsengracht-476,name,Easy Times,placesdata-2011,2011-07-18,0.7,
prinsengracht-476,kind,coffeeshop,placesdata-2011,2011-07-18,0.8,
prinsengracht-476,phone,+31 20 624 1572,placesdata-2011,2011-07-18,0.5,"seventeen years stale, verify before use"
prinsengracht-476,coordinate,"52.364305,4.884893",placesdata-2011,2011-07-18,0.4,geocoded alongside a GooglePlacePage; never eligible for OSM
prinsengracht-476,key_photo,PicturesOriginal/IMG_0881.JPG,photos-2009,2009-10-15,1.0,Apple iPhone 3GS
prinsengracht-476,trading,true,photos-2009,2009-10-15,1.0,"photographed open; presence attested, not a claim about today"
prinsengracht-476,coordinate,"52.3643333,4.8858333",photos-2009,2009-10-15,0.6,"own GPS, camera bearing 265.9 deg true"
prinsengracht-476,photo_heading,265.9,photos-2009,2009-10-15,1.0,the shopfront lies along this bearing from the fix
oude-hoogstraat-2,name,Extase,placesdata-2011,2011-07-18,0.7,
oude-hoogstraat-2,kind,coffeeshop,placesdata-2011,2011-07-18,0.8,
oude-hoogstraat-2,phone,+31 20 623 3058,placesdata-2011,2011-07-18,0.5,"seventeen years stale, verify before use"
oude-hoogstraat-2,coordinate,"52.371367,4.897034",placesdata-2011,2011-07-18,0.4,geocoded alongside a GooglePlacePage; never eligible for OSM
oude-hoogstraat-2,key_photo,PicturesOriginal/IMG_1237.JPG,photos-2009,2009-10-16,1.0,Apple iPhone 3GS
oude-hoogstraat-2,trading,true,photos-2009,2009-10-16,1.0,"photographed open; presence attested, not a claim about today"
oude-hoogstraat-2,coordinate,"52.3715,4.897",photos-2009,2009-10-16,0.9,"own GPS, DOP 3.0, camera bearing 144.9 deg true"
oude-hoogstraat-2,photo_heading,144.9,photos-2009,2009-10-16,1.0,the shopfront lies along this bearing from the fix
oudezijds-voorburgwal-36,name,Feels Good,placesdata-2011,2011-07-18,0.7,
oudezijds-voorburgwal-36,kind,coffeeshop,placesdata-2011,2011-07-18,0.8,
oudezijds-voorburgwal-36,phone,+31 20 622 1055,placesdata-2011,2011-07-18,0.5,"seventeen years stale, verify before use"
oudezijds-voorburgwal-36,coordinate,"52.3752,4.899452",placesdata-2011,2011-07-18,0.4,geocoded alongside a GooglePlacePage; never eligible for OSM
oudezijds-voorburgwal-36,key_photo,PicturesOriginal/IMG_1246.JPG,photos-2009,2009-10-16,1.0,Apple iPhone 3GS
oudezijds-voorburgwal-36,trading,true,photos-2009,2009-10-16,1.0,"photographed open; presence attested, not a claim about today"
oudezijds-voorburgwal-36,coordinate,"52.3751667,4.8995",photos-2009,2009-10-16,0.9,"own GPS, DOP 3.0"
papaverweg-2,name,Het Filiaal,placesdata-2011,2011-07-18,0.7,
papaverweg-2,sort_name,Filiaal,placesdata-2011,2011-07-18,0.7,
papaverweg-2,kind,coffeeshop,placesdata-2011,2011-07-18,0.8,
papaverweg-2,phone,+31 20 493 0713,placesdata-2011,2011-07-18,0.5,"seventeen years stale, verify before use"
papaverweg-2,coordinate,"52.39345,4.912854",placesdata-2011,2011-07-18,0.4,geocoded alongside a GooglePlacePage; never eligible for OSM
papaverweg-2,key_photo,PicturesOriginal/IMG_1288.JPG,photos-2009,2009-10-18,1.0,Apple iPhone 3GS
papaverweg-2,trading,true,photos-2009,2009-10-18,1.0,"photographed open; presence attested, not a claim about today"
papaverweg-2,coordinate,"52.3936667,4.9126667",photos-2009,2009-10-18,0.9,"own GPS, DOP 3.0, camera bearing 47.9 deg true"
papaverweg-2,photo_heading,47.9,photos-2009,2009-10-18,1.0,the shopfront lies along this bearing from the fix
hudsonstraat-138,name,Flash Back,placesdata-2011,2011-07-18,0.7,
hudsonstraat-138,kind,coffeeshop,placesdata-2011,2011-07-18,0.8,
hudsonstraat-138,phone,+31 20 489 6115,placesdata-2011,2011-07-18,0.5,"seventeen years stale, verify before use"
hudsonstraat-138,coordinate,"52.368761,4.852816",placesdata-2011,2011-07-18,0.4,geocoded alongside a GooglePlacePage; never eligible for OSM
hudsonstraat-138,key_photo,PicturesOriginal/IMG_0724.JPG,photos-2009,2009-10-14,1.0,Apple iPhone 3GS
hudsonstraat-138,trading,true,photos-2009,2009-10-14,1.0,"photographed open; presence attested, not a claim about today"
hudsonstraat-138,coordinate,"52.3688333,4.8528333",photos-2009,2009-10-14,0.9,"own GPS, DOP 1.0, camera bearing 44.9 deg true"
hudsonstraat-138,photo_heading,44.9,photos-2009,2009-10-14,1.0,the shopfront lies along this bearing from the fix
rozengracht-139,name,Flower Power,placesdata-2011,2011-07-18,0.7,
rozengracht-139,kind,coffeeshop,placesdata-2011,2011-07-18,0.8,
rozengracht-139,phone,+31 20 622 6198,placesdata-2011,2011-07-18,0.5,"seventeen years stale, verify before use"
rozengracht-139,coordinate,"52.372778,4.878649",placesdata-2011,2011-07-18,0.4,geocoded alongside a GooglePlacePage; never eligible for OSM
rozengracht-139,key_photo,PicturesOriginal/IMG_0209.JPG,photos-2009,2009-10-06,1.0,Apple iPhone 3GS
rozengracht-139,trading,true,photos-2009,2009-10-06,1.0,"photographed open; presence attested, not a claim about today"
rozengracht-139,coordinate,"52.3726667,4.8785",photos-2009,2009-10-06,0.6,"own GPS, camera bearing 11.9 deg true"
rozengracht-139,photo_heading,11.9,photos-2009,2009-10-06,1.0,the shopfront lies along this bearing from the fix
oude-hoogstraat-13,name,Free Adam,placesdata-2011,2011-07-18,0.7,
oude-hoogstraat-13,kind,coffeeshop,placesdata-2011,2011-07-18,0.8,
oude-hoogstraat-13,phone,+31 20 627 9910,placesdata-2011,2011-07-18,0.5,"seventeen years stale, verify before use"
oude-hoogstraat-13,coordinate,"52.371444,4.897554",placesdata-2011,2011-07-18,0.4,geocoded alongside a GooglePlacePage; never eligible for OSM
oude-hoogstraat-13,key_photo,PicturesOriginal/IMG_1233.JPG,photos-2009,2009-10-16,1.0,Apple iPhone 3GS
oude-hoogstraat-13,trading,true,photos-2009,2009-10-16,1.0,"photographed open; presence attested, not a claim about today"
oude-hoogstraat-13,coordinate,"52.3715,4.897",photos-2009,2009-10-16,0.9,"own GPS, DOP 3.0, camera bearing 72.9 deg true"
oude-hoogstraat-13,photo_heading,72.9,photos-2009,2009-10-16,1.0,the shopfront lies along this bearing from the fix
reguliersdwarsstraat-70,name,Free I,placesdata-2011,2011-07-18,0.7,
reguliersdwarsstraat-70,kind,coffeeshop,placesdata-2011,2011-07-18,0.8,
reguliersdwarsstraat-70,phone,+31 20 622 7727,placesdata-2011,2011-07-18,0.5,"seventeen years stale, verify before use"
reguliersdwarsstraat-70,coordinate,"52.365996,4.893275",placesdata-2011,2011-07-18,0.4,geocoded alongside a GooglePlacePage; never eligible for OSM
reguliersdwarsstraat-70,key_photo,PicturesOriginal/IMG_0147.JPG,photos-2009,2009-10-06,1.0,Apple iPhone 3GS
reguliersdwarsstraat-70,trading,true,photos-2009,2009-10-06,1.0,"photographed open; presence attested, not a claim about today"
reguliersdwarsstraat-70,coordinate,"52.3663333,4.893",photos-2009,2009-10-06,0.6,"own GPS, camera bearing 132.9 deg true"
reguliersdwarsstraat-70,photo_heading,132.9,photos-2009,2009-10-06,1.0,the shopfront lies along this bearing from the fix
van-hogendorpstraat-201,name,Freedom,placesdata-2011,2011-07-18,0.7,
van-hogendorpstraat-201,kind,coffeeshop,placesdata-2011,2011-07-18,0.8,
van-hogendorpstraat-201,phone,+31 20 686 8683,placesdata-2011,2011-07-18,0.5,"seventeen years stale, verify before use"
van-hogendorpstraat-201,coordinate,"52.382473,4.87117",placesdata-2011,2011-07-18,0.4,geocoded alongside a GooglePlacePage; never eligible for OSM
van-hogendorpstraat-201,key_photo,PicturesOriginal/IMG_0398.JPG,photos-2009,2009-10-06,1.0,Apple iPhone 3GS
van-hogendorpstraat-201,trading,true,photos-2009,2009-10-06,1.0,"photographed open; presence attested, not a claim about today"
van-hogendorpstraat-201,coordinate,"52.3826667,4.871",photos-2009,2009-10-06,0.9,"own GPS, DOP 3.0, camera bearing 89.9 deg true"
van-hogendorpstraat-201,photo_heading,89.9,photos-2009,2009-10-06,1.0,the shopfront lies along this bearing from the fix
lange-niezel-27,name,Freeland,placesdata-2011,2011-07-18,0.7,
lange-niezel-27,kind,coffeeshop,placesdata-2011,2011-07-18,0.8,
lange-niezel-27,phone,+31 20 627 3279,placesdata-2011,2011-07-18,0.5,"seventeen years stale, verify before use"
lange-niezel-27,coordinate,"52.374993,4.899085",placesdata-2011,2011-07-18,0.4,geocoded alongside a GooglePlacePage; never eligible for OSM
lange-niezel-27,key_photo,PicturesOriginal/IMG_1248.JPG,photos-2009,2009-10-16,1.0,Apple iPhone 3GS
lange-niezel-27,trading,true,photos-2009,2009-10-16,1.0,"photographed open; presence attested, not a claim about today"
lange-niezel-27,coordinate,"52.375,4.8993333",photos-2009,2009-10-16,0.9,"own GPS, DOP 3.0, camera bearing 335.9 deg true"
lange-niezel-27,photo_heading,335.9,photos-2009,2009-10-16,1.0,the shopfront lies along this bearing from the fix
nieuwendijk-30,name,Freeworld,placesdata-2011,2011-07-18,0.7,
nieuwendijk-30,kind,coffeeshop,placesdata-2011,2011-07-18,0.8,
nieuwendijk-30,phone,+31 20 620 0902,placesdata-2011,2011-07-18,0.5,"seventeen years stale, verify before use"
nieuwendijk-30,coordinate,"52.378262,4.895347",placesdata-2011,2011-07-18,0.4,geocoded alongside a GooglePlacePage; never eligible for OSM
nieuwendijk-30,key_photo,PicturesOriginal/IMG_0366.JPG,photos-2009,2009-10-06,1.0,Apple iPhone 3GS
nieuwendijk-30,trading,true,photos-2009,2009-10-06,1.0,"photographed open; presence attested, not a claim about today"
nieuwendijk-30,coordinate,"52.3783333,4.8953333",photos-2009,2009-10-06,0.9,"own GPS, DOP 5.0, camera bearing 276.9 deg true"
nieuwendijk-30,photo_heading,276.9,photos-2009,2009-10-06,1.0,the shopfront lies along this bearing from the fix
nieuwebrugsteeg-24,name,Funny People,placesdata-2011,2011-07-18,0.7,
nieuwebrugsteeg-24,kind,coffeeshop,placesdata-2011,2011-07-18,0.8,
nieuwebrugsteeg-24,phone,+31 20 623 8663,placesdata-2011,2011-07-18,0.5,"seventeen years stale, verify before use"
nieuwebrugsteeg-24,coordinate,"52.37597,4.899693",placesdata-2011,2011-07-18,0.4,geocoded alongside a GooglePlacePage; never eligible for OSM
nieuwebrugsteeg-24,key_photo,PicturesOriginal/IMG_0029.JPG,photos-2009,2009-10-04,1.0,Apple iPhone 3GS
nieuwebrugsteeg-24,trading,true,photos-2009,2009-10-04,1.0,"photographed open; presence attested, not a claim about today"
nieuwebrugsteeg-24,coordinate,"52.3765,4.9",photos-2009,2009-10-04,0.6,"own GPS, camera bearing 257.9 deg true"
nieuwebrugsteeg-24,photo_heading,257.9,photos-2009,2009-10-04,1.0,the shopfront lies along this bearing from the fix
geldersekade-54,name,Het Gelderse,placesdata-2011,2011-07-18,0.7,
geldersekade-54,sort_name,Gelderse,placesdata-2011,2011-07-18,0.7,
geldersekade-54,kind,coffeeshop,placesdata-2011,2011-07-18,0.8,
geldersekade-54,phone,+31 20 420 7211,placesdata-2011,2011-07-18,0.5,"seventeen years stale, verify before use"
geldersekade-54,coordinate,"52.374931,4.901211",placesdata-2011,2011-07-18,0.4,geocoded alongside a GooglePlacePage; never eligible for OSM
geldersekade-54,key_photo,PicturesOriginal/IMG_0035.JPG,photos-2009,2009-10-04,1.0,Apple iPhone 3GS
geldersekade-54,trading,true,photos-2009,2009-10-04,1.0,"photographed open; presence attested, not a claim about today"
geldersekade-54,coordinate,"52.3751667,4.9016667",photos-2009,2009-10-04,0.9,"own GPS, DOP 5.0, camera bearing 136.9 deg true"
geldersekade-54,photo_heading,136.9,photos-2009,2009-10-04,1.0,the shopfront lies along this bearing from the fix
korte-leidsedwarsstraat-77,name,Get Down to It,placesdata-2011,2011-07-18,0.7,
korte-leidsedwarsstraat-77,also_known_as,The News,placesdata-2011,2011-07-18,0.6,
korte-leidsedwarsstraat-77,kind,coffeeshop,placesdata-2011,2011-07-18,0.8,
korte-leidsedwarsstraat-77,phone,+31 20 420 1512,placesdata-2011,2011-07-18,0.5,"seventeen years stale, verify before use"
korte-leidsedwarsstraat-77,coordinate,"52.364011,4.883928",placesdata-2011,2011-07-18,0.4,geocoded alongside a GooglePlacePage; never eligible for OSM
korte-leidsedwarsstraat-77,key_photo,PicturesOriginal/IMG_0190.JPG,photos-2009,2009-10-06,1.0,Apple iPhone 3GS
korte-leidsedwarsstraat-77,trading,true,photos-2009,2009-10-06,1.0,"photographed open; presence attested, not a claim about today"
korte-leidsedwarsstraat-77,coordinate,"52.364,4.884",photos-2009,2009-10-06,0.9,"own GPS, DOP 5.0, camera bearing 348.9 deg true"
korte-leidsedwarsstraat-77,photo_heading,348.9,photos-2009,2009-10-06,1.0,the shopfront lies along this bearing from the fix
amstelveenseweg-61,name,Het Gierenest,placesdata-2011,2011-07-18,0.7,
amstelveenseweg-61,sort_name,Gierenest,placesdata-2011,2011-07-18,0.7,
amstelveenseweg-61,kind,coffeeshop,placesdata-2011,2011-07-18,0.8,
amstelveenseweg-61,phone,+31 20 662 0985,placesdata-2011,2011-07-18,0.5,"seventeen years stale, verify before use"
amstelveenseweg-61,coordinate,"52.353879,4.855907",placesdata-2011,2011-07-18,0.4,geocoded alongside a GooglePlacePage; never eligible for OSM
amstelveenseweg-61,key_photo,PicturesOriginal/IMG_0662.JPG,photos-2009,2009-10-14,1.0,Apple iPhone 3GS
amstelveenseweg-61,trading,true,photos-2009,2009-10-14,1.0,"photographed open; presence attested, not a claim about today"
amstelveenseweg-61,coordinate,"52.354,4.8556667",photos-2009,2009-10-14,0.9,"own GPS, DOP 1.0, camera bearing 304.9 deg true"
amstelveenseweg-61,photo_heading,304.9,photos-2009,2009-10-14,1.0,the shopfront lies along this bearing from the fix
kloveniersburgwal-42,name,Goa,placesdata-2011,2011-07-18,0.7,
kloveniersburgwal-42,kind,coffeeshop,placesdata-2011,2011-07-18,0.8,
kloveniersburgwal-42,coordinate,"52.371236,4.898465",placesdata-2011,2011-07-18,0.4,geocoded alongside a GooglePlacePage; never eligible for OSM
kloveniersburgwal-42,key_photo,PicturesOriginal/IMG_1035.JPG,photos-2009,2009-10-16,1.0,Apple iPhone 3GS
kloveniersburgwal-42,trading,true,photos-2009,2009-10-16,1.0,"photographed open; presence attested, not a claim about today"
kloveniersburgwal-42,coordinate,"52.3713333,4.8986667",photos-2009,2009-10-16,0.9,"own GPS, DOP 1.0, camera bearing 190.9 deg true"
kloveniersburgwal-42,photo_heading,190.9,photos-2009,2009-10-16,1.0,the shopfront lies along this bearing from the fix
churchilllaan-86,name,Goed Goed,placesdata-2011,2011-07-18,0.7,
churchilllaan-86,kind,coffeeshop,placesdata-2011,2011-07-18,0.8,
churchilllaan-86,phone,+31 20 671 8633,placesdata-2011,2011-07-18,0.5,"seventeen years stale, verify before use"
churchilllaan-86,coordinate,"52.34709,4.898128",placesdata-2011,2011-07-18,0.4,geocoded alongside a GooglePlacePage; never eligible for OSM
churchilllaan-86,key_photo,PicturesOriginal/IMG_0517.JPG,photos-2009,2009-10-13,1.0,Apple iPhone 3GS
churchilllaan-86,trading,true,photos-2009,2009-10-13,1.0,"photographed open; presence attested, not a claim about today"
churchilllaan-86,coordinate,"52.347,4.898",photos-2009,2009-10-13,0.9,"own GPS, DOP 3.0, camera bearing 321.9 deg true"
churchilllaan-86,photo_heading,321.9,photos-2009,2009-10-13,1.0,the shopfront lies along this bearing from the fix
da-costastraat-51,name,Goudenboon,placesdata-2011,2011-07-18,0.7,
da-costastraat-51,kind,coffeeshop,placesdata-2011,2011-07-18,0.8,
da-costastraat-51,phone,+31 20 616 3347,placesdata-2011,2011-07-18,0.5,"seventeen years stale, verify before use"
da-costastraat-51,coordinate,"52.369127,4.874211",placesdata-2011,2011-07-18,0.4,geocoded alongside a GooglePlacePage; never eligible for OSM
da-costastraat-51,key_photo,PicturesOriginal/IMG_0778.JPG,photos-2009,2009-10-14,1.0,Apple iPhone 3GS
da-costastraat-51,trading,true,photos-2009,2009-10-14,1.0,"photographed open; presence attested, not a claim about today"
da-costastraat-51,coordinate,"52.369,4.874",photos-2009,2009-10-14,0.9,"own GPS, DOP 3.0, camera bearing 3.9 deg true"
da-costastraat-51,photo_heading,3.9,photos-2009,2009-10-14,1.0,the shopfront lies along this bearing from the fix
albert-cuypstraat-25,name,De Graal,placesdata-2011,2011-07-18,0.7,
albert-cuypstraat-25,sort_name,Graal,placesdata-2011,2011-07-18,0.7,
albert-cuypstraat-25,kind,coffeeshop,placesdata-2011,2011-07-18,0.8,
albert-cuypstraat-25,phone,+31 20 471 1791,placesdata-2011,2011-07-18,0.5,"seventeen years stale, verify before use"
albert-cuypstraat-25,coordinate,"52.35473,4.887674",placesdata-2011,2011-07-18,0.4,geocoded alongside a GooglePlacePage; never eligible for OSM
albert-cuypstraat-25,key_photo,PicturesOriginal/IMG_0571.JPG,photos-2009,2009-10-13,1.0,Apple iPhone 3GS
albert-cuypstraat-25,trading,true,photos-2009,2009-10-13,1.0,"photographed open; presence attested, not a claim about today"
albert-cuypstraat-25,coordinate,"52.3546667,4.8876667",photos-2009,2009-10-13,0.9,"own GPS, DOP 3.0, camera bearing 50.9 deg true"
albert-cuypstraat-25,photo_heading,50.9,photos-2009,2009-10-13,1.0,the shopfront lies along this bearing from the fix
nieuwezijds-voorburgwal-59,name,The Grasshopper 1,placesdata-2011,2011-07-18,0.7,
nieuwezijds-voorburgwal-59,sort_name,Grasshopper 1,placesdata-2011,2011-07-18,0.7,
nieuwezijds-voorburgwal-59,kind,coffeeshop,placesdata-2011,2011-07-18,0.8,
nieuwezijds-voorburgwal-59,phone,+31 20 627 9819,placesdata-2011,2011-07-18,0.5,"seventeen years stale, verify before use"
nieuwezijds-voorburgwal-59,website,http://www.grasshopper.nl,placesdata-2011,2011-07-18,0.4,
nieuwezijds-voorburgwal-59,coordinate,"52.375779,4.893166",placesdata-2011,2011-07-18,0.4,geocoded alongside a GooglePlacePage; never eligible for OSM
nieuwezijds-voorburgwal-59,key_photo,PicturesOriginal/IMG_0303.JPG,photos-2009,2009-10-06,1.0,Apple iPhone 3GS
nieuwezijds-voorburgwal-59,trading,true,photos-2009,2009-10-06,1.0,"photographed open; presence attested, not a claim about today"
nieuwezijds-voorburgwal-59,coordinate,"52.376,4.8931667",photos-2009,2009-10-06,0.9,"own GPS, DOP 3.0, camera bearing 94.9 deg true"
nieuwezijds-voorburgwal-59,photo_heading,94.9,photos-2009,2009-10-06,1.0,the shopfront lies along this bearing from the fix
oudebrugsteeg-16,name,The Grasshopper 2,placesdata-2011,2011-07-18,0.7,
oudebrugsteeg-16,sort_name,Grasshopper 2,placesdata-2011,2011-07-18,0.7,
oudebrugsteeg-16,kind,coffeeshop,placesdata-2011,2011-07-18,0.8,
oudebrugsteeg-16,phone,+31 20 626 1259,placesdata-2011,2011-07-18,0.5,"seventeen years stale, verify before use"
oudebrugsteeg-16,coordinate,"52.37537,4.89756",placesdata-2011,2011-07-18,0.4,geocoded alongside a GooglePlacePage; never eligible for OSM
oudebrugsteeg-16,key_photo,PicturesOriginal/IMG_0624.JPG,photos-2009,2009-10-13,1.0,Apple iPhone 3GS
oudebrugsteeg-16,trading,true,photos-2009,2009-10-13,1.0,"photographed open; presence attested, not a claim about today"
oudebrugsteeg-16,coordinate,"52.3755,4.8971667",photos-2009,2009-10-13,0.9,"own GPS, DOP 3.0, camera bearing 37.9 deg true"
oudebrugsteeg-16,photo_heading,37.9,photos-2009,2009-10-13,1.0,the shopfront lies along this bearing from the fix
tolstraat-91,name,Greenhouse,placesdata-2011,2011-07-18,0.7,
tolstraat-91,kind,coffeeshop,placesdata-2011,2011-07-18,0.8,
tolstraat-91,phone,+31 20 673 7430,placesdata-2011,2011-07-18,0.5,"seventeen years stale, verify before use"
tolstraat-91,coordinate,"52.352296,4.903132",placesdata-2011,2011-07-18,0.4,geocoded alongside a GooglePlacePage; never eligible for OSM
tolstraat-91,key_photo,PicturesOriginal/IMG_0533.JPG,photos-2009,2009-10-13,1.0,Apple iPhone 3GS
tolstraat-91,trading,true,photos-2009,2009-10-13,1.0,"photographed open; presence attested, not a claim about today"
tolstraat-91,coordinate,"52.3523333,4.9035",photos-2009,2009-10-13,0.9,"own GPS, DOP 3.0, camera bearing 279.9 deg true"
tolstraat-91,photo_heading,279.9,photos-2009,2009-10-13,1.0,the shopfront lies along this bearing from the fix
oudezijds-voorburgwal-191,name,Greenhouse Centrum,placesdata-2011,2011-07-18,0.7,
oudezijds-voorburgwal-191,kind,coffeeshop,placesdata-2011,2011-07-18,0.8,
oudezijds-voorburgwal-191,phone,+31 20  627 1739,placesdata-2011,2011-07-18,0.5,"seventeen years stale, verify before use"
oudezijds-voorburgwal-191,website,http://www.greenhouse.org,placesdata-2011,2011-07-18,0.4,
oudezijds-voorburgwal-191,coordinate,"52.371471,4.895814",placesdata-2011,2011-07-18,0.4,geocoded alongside a GooglePlacePage; never eligible for OSM
oudezijds-voorburgwal-191,key_photo,PicturesOriginal/IMG_0256.JPG,photos-2009,2009-10-06,1.0,Apple iPhone 3GS
oudezijds-voorburgwal-191,trading,true,photos-2009,2009-10-06,1.0,"photographed open; presence attested, not a claim about today"
oudezijds-voorburgwal-191,coordinate,"52.3715,4.8956667",photos-2009,2009-10-06,0.9,"own GPS, DOP 3.0, camera bearing 30.9 deg true"
oudezijds-voorburgwal-191,photo_heading,30.9,photos-2009,2009-10-06,1.0,the shopfront lies along this bearing from the fix
warmoesstraat-53,name,Greenhouse Effect,placesdata-2011,2011-07-18,0.7,
warmoesstraat-53,kind,coffeeshop,placesdata-2011,2011-07-18,0.8,
warmoesstraat-53,phone,+31 20 623 7462,placesdata-2011,2011-07-18,0.5,"seventeen years stale, verify before use"
warmoesstraat-53,coordinate,"52.375306,4.898323",placesdata-2011,2011-07-18,0.4,geocoded alongside a GooglePlacePage; never eligible for OSM
warmoesstraat-53,key_photo,PicturesOriginal/IMG_0017.JPG,photos-2009,2009-10-04,1.0,Apple iPhone 3GS
warmoesstraat-53,trading,true,photos-2009,2009-10-04,1.0,"photographed open; presence attested, not a claim about today"
warmoesstraat-53,coordinate,"52.3751667,4.8978333",photos-2009,2009-10-04,0.9,"own GPS, DOP 3.0, camera bearing 30.9 deg true"
warmoesstraat-53,photo_heading,30.9,photos-2009,2009-10-04,1.0,the shopfront lies along this bearing from the fix
haarlemmerstraat-64,name,Greenhouse Lounge,placesdata-2011,2011-07-18,0.7,
haarlemmerstraat-64,kind,coffeeshop,placesdata-2011,2011-07-18,0.8,
haarlemmerstraat-64,phone,+31 20 427 2998,placesdata-2011,2011-07-18,0.5,"seventeen years stale, verify before use"
haarlemmerstraat-64,coordinate,"52.380388,4.891558",placesdata-2011,2011-07-18,0.4,geocoded alongside a GooglePlacePage; never eligible for OSM
haarlemmerstraat-64,key_photo,PicturesOriginal/IMG_0976.JPG,photos-2009,2009-10-15,1.0,Apple iPhone 3GS
haarlemmerstraat-64,trading,true,photos-2009,2009-10-15,1.0,"photographed open; presence attested, not a claim about today"
haarlemmerstraat-64,coordinate,"52.3803333,4.892",photos-2009,2009-10-15,0.9,"own GPS, DOP 1.0, camera bearing 56.9 deg true"
haarlemmerstraat-64,photo_heading,56.9,photos-2009,2009-10-15,1.0,the shopfront lies along this bearing from the fix
waterlooplein-345,name,Greenhouse Namaste,placesdata-2011,2011-07-18,0.7,
waterlooplein-345,kind,coffeeshop,placesdata-2011,2011-07-18,0.8,
waterlooplein-345,phone,+31 20 622 5499,placesdata-2011,2011-07-18,0.5,"seventeen years stale, verify before use"
waterlooplein-345,coordinate,"52.366766,4.902142",placesdata-2011,2011-07-18,0.4,geocoded alongside a GooglePlacePage; never eligible for OSM
waterlooplein-345,key_photo,PicturesOriginal/IMG_0055.JPG,photos-2009,2009-10-04,1.0,Apple iPhone 3GS
waterlooplein-345,trading,true,photos-2009,2009-10-04,1.0,"photographed open; presence attested, not a claim about today"
waterlooplein-345,coordinate,"52.3668333,4.9018333",photos-2009,2009-10-04,0.6,"own GPS, camera bearing 128.9 deg true"
waterlooplein-345,photo_heading,128.9,photos-2009,2009-10-04,1.0,the shopfront lies along this bearing from the fix
kloveniersburgwal-4,name,Greenplace,placesdata-2011,2011-07-18,0.7,
kloveniersburgwal-4,kind,coffeeshop,placesdata-2011,2011-07-18,0.8,
kloveniersburgwal-4,phone,+31 6 22 09 68 16,placesdata-2011,2011-07-18,0.5,"seventeen years stale, verify before use"
kloveniersburgwal-4,coordinate,"52.3721,4.899285",placesdata-2011,2011-07-18,0.4,geocoded alongside a GooglePlacePage; never eligible for OSM
kloveniersburgwal-4,key_photo,PicturesOriginal/IMG_1029.JPG,photos-2009,2009-10-16,1.0,Apple iPhone 3GS
kloveniersburgwal-4,trading,true,photos-2009,2009-10-16,1.0,"photographed open; presence attested, not a claim about today"
kloveniersburgwal-4,coordinate,"52.372,4.8991667",photos-2009,2009-10-16,0.9,"own GPS, DOP 3.0, camera bearing 322.9 deg true"
kloveniersburgwal-4,photo_heading,322.9,photos-2009,2009-10-16,1.0,the shopfront lies along this bearing from the fix
oude-leliestraat-2,name,Grey Area,placesdata-2011,2011-07-18,0.7,
oude-leliestraat-2,kind,coffeeshop,placesdata-2011,2011-07-18,0.8,
oude-leliestraat-2,phone,+31 20 420 4301,placesdata-2011,2011-07-18,0.5,"seventeen years stale, verify before use"
oude-leliestraat-2,website,http://greyarea.nl,placesdata-2011,2011-07-18,0.4,
oude-leliestraat-2,coordinate,"52.374673,4.88896",placesdata-2011,2011-07-18,0.4,geocoded alongside a GooglePlacePage; never eligible for OSM
oude-leliestraat-2,key_photo,PicturesOriginal/IMG_0225.JPG,photos-2009,2009-10-06,1.0,Apple iPhone 3GS
oude-leliestraat-2,trading,true,photos-2009,2009-10-06,1.0,"photographed open; presence attested, not a claim about today"
oude-leliestraat-2,coordinate,"52.3745,4.8893333",photos-2009,2009-10-06,0.6,"own GPS, camera bearing 233.9 deg true"
oude-leliestraat-2,photo_heading,233.9,photos-2009,2009-10-06,1.0,the shopfront lies along this bearing from the fix
haarlemmerstraat-34,name,La Grotte,placesdata-2011,2011-07-18,0.7,
haarlemmerstraat-34,sort_name,Grotte,placesdata-2011,2011-07-18,0.7,
haarlemmerstraat-34,kind,coffeeshop,placesdata-2011,2011-07-18,0.8,
haarlemmerstraat-34,phone,+31 20 625 3400,placesdata-2011,2011-07-18,0.5,"seventeen years stale, verify before use"
haarlemmerstraat-34,coordinate,"52.379849,4.893197",placesdata-2011,2011-07-18,0.4,geocoded alongside a GooglePlacePage; never eligible for OSM
haarlemmerstraat-34,key_photo,PicturesOriginal/IMG_0987.JPG,photos-2009,2009-10-15,1.0,Apple iPhone 3GS
haarlemmerstraat-34,trading,true,photos-2009,2009-10-15,1.0,"photographed open; presence attested, not a claim about today"
haarlemmerstraat-34,coordinate,"52.3798333,4.8931667",photos-2009,2009-10-15,0.9,"own GPS, DOP 1.0, camera bearing 269.9 deg true"
haarlemmerstraat-34,photo_heading,269.9,photos-2009,2009-10-15,1.0,the shopfront lies along this bearing from the fix
nieuwe-nieuwstraat-32,name,El Guapo,placesdata-2011,2011-07-18,0.7,
nieuwe-nieuwstraat-32,sort_name,Guapo,placesdata-2011,2011-07-18,0.7,
nieuwe-nieuwstraat-32,kind,coffeeshop,placesdata-2011,2011-07-18,0.8,
nieuwe-nieuwstraat-32,phone,+31 6 20 12 51 34,placesdata-2011,2011-07-18,0.5,"seventeen years stale, verify before use"
nieuwe-nieuwstraat-32,website,http://coffeeshop-elguapo.com,placesdata-2011,2011-07-18,0.4,
nieuwe-nieuwstraat-32,coordinate,"52.375403,4.893634",placesdata-2011,2011-07-18,0.4,geocoded alongside a GooglePlacePage; never eligible for OSM
nieuwe-nieuwstraat-32,key_photo,PicturesOriginal/IMG_1162.JPG,photos-2009,2009-10-16,1.0,Apple iPhone 3GS
nieuwe-nieuwstraat-32,trading,true,photos-2009,2009-10-16,1.0,"photographed open; presence attested, not a claim about today"
nieuwe-nieuwstraat-32,coordinate,"52.3753333,4.8936667",photos-2009,2009-10-16,0.6,"own GPS, camera bearing 237.9 deg true"
nieuwe-nieuwstraat-32,photo_heading,237.9,photos-2009,2009-10-16,1.0,the shopfront lies along this bearing from the fix
orteliusstraat-193,name,Happiness,placesdata-2011,2011-07-18,0.7,
orteliusstraat-193,kind,coffeeshop,placesdata-2011,2011-07-18,0.8,
orteliusstraat-193,phone,+31 20 489 3929,placesdata-2011,2011-07-18,0.5,"seventeen years stale, verify before use"
orteliusstraat-193,coordinate,"52.369835,4.849214",placesdata-2011,2011-07-18,0.4,geocoded alongside a GooglePlacePage; never eligible for OSM
orteliusstraat-193,key_photo,PicturesOriginal/IMG_0718.JPG,photos-2009,2009-10-14,1.0,Apple iPhone 3GS
orteliusstraat-193,trading,true,photos-2009,2009-10-14,1.0,"photographed open; presence attested, not a claim about today"
orteliusstraat-193,coordinate,"52.37,4.8493333",photos-2009,2009-10-14,0.9,"own GPS, DOP 1.0, camera bearing 202.9 deg true"
orteliusstraat-193,photo_heading,202.9,photos-2009,2009-10-14,1.0,the shopfront lies along this bearing from the fix
amsteldijk-139,name,Happy Days,placesdata-2011,2011-07-18,0.7,
amsteldijk-139,kind,coffeeshop,placesdata-2011,2011-07-18,0.8,
amsteldijk-139,phone,+31 20 661 3986,placesdata-2011,2011-07-18,0.5,"seventeen years stale, verify before use"
amsteldijk-139,coordinate,"52.346606,4.911106",placesdata-2011,2011-07-18,0.4,geocoded alongside a GooglePlacePage; never eligible for OSM
amsteldijk-139,key_photo,PicturesOriginal/IMG_0506.JPG,photos-2009,2009-10-13,1.0,Apple iPhone 3GS
amsteldijk-139,trading,true,photos-2009,2009-10-13,1.0,"photographed open; presence attested, not a claim about today"
amsteldijk-139,coordinate,"52.3466667,4.9115",photos-2009,2009-10-13,0.9,"own GPS, DOP 5.0, camera bearing 244.9 deg true"
amsteldijk-139,photo_heading,244.9,photos-2009,2009-10-13,1.0,the shopfront lies along this bearing from the fix
kerkstraat-51,name,Happy Feelings,placesdata-2011,2011-07-18,0.7,
kerkstraat-51,kind,coffeeshop,placesdata-2011,2011-07-18,0.8,
kerkstraat-51,phone,+31 6 21 29 48 93,placesdata-2011,2011-07-18,0.5,"seventeen years stale, verify before use"
kerkstraat-51,coordinate,"52.365181,4.886101",placesdata-2011,2011-07-18,0.4,geocoded alongside a GooglePlacePage; never eligible for OSM
kerkstraat-51,key_photo,PicturesOriginal/IMG_0175.JPG,photos-2009,2009-10-06,1.0,Apple iPhone 3GS
kerkstraat-51,trading,true,photos-2009,2009-10-06,1.0,"photographed open; presence attested, not a claim about today"
kerkstraat-51,coordinate,"52.3655,4.8853333",photos-2009,2009-10-06,0.9,"own GPS, DOP 5.0, camera bearing 58.9 deg true"
kerkstraat-51,photo_heading,58.9,photos-2009,2009-10-06,1.0,the shopfront lies along this bearing from the fix
dapperstraat-2,name,Happy People,placesdata-2011,2011-07-18,0.7,
dapperstraat-2,kind,coffeeshop,placesdata-2011,2011-07-18,0.8,
dapperstraat-2,phone,+31 20 693 1869,placesdata-2011,2011-07-18,0.5,"seventeen years stale, verify before use"
dapperstraat-2,coordinate,"52.365257,4.925879",placesdata-2011,2011-07-18,0.4,geocoded alongside a GooglePlacePage; never eligible for OSM
dapperstraat-2,key_photo,PicturesOriginal/IMG_0462.JPG,photos-2009,2009-10-13,1.0,Apple iPhone 3GS
dapperstraat-2,trading,true,photos-2009,2009-10-13,1.0,"photographed open; presence attested, not a claim about today"
dapperstraat-2,coordinate,"52.3653333,4.9258333",photos-2009,2009-10-13,0.9,"own GPS, DOP 1.0, camera bearing 105.9 deg true"
dapperstraat-2,photo_heading,105.9,photos-2009,2009-10-13,1.0,the shopfront lies along this bearing from the fix
jan-van-galenstraat-49,name,High Time 1,placesdata-2011,2011-07-18,0.7,
jan-van-galenstraat-49,kind,coffeeshop,placesdata-2011,2011-07-18,0.8,
jan-van-galenstraat-49,phone,+31 20 412 5094,placesdata-2011,2011-07-18,0.5,"seventeen years stale, verify before use"
jan-van-galenstraat-49,coordinate,"52.375021,4.863485",placesdata-2011,2011-07-18,0.4,geocoded alongside a GooglePlacePage; never eligible for OSM
jan-van-galenstraat-49,key_photo,PicturesOriginal/IMG_0706.JPG,photos-2009,2009-10-14,1.0,Apple iPhone 3GS
jan-van-galenstraat-49,trading,true,photos-2009,2009-10-14,1.0,"photographed open; presence attested, not a claim about today"
jan-van-galenstraat-49,coordinate,"52.3751667,4.8635",photos-2009,2009-10-14,0.9,"own GPS, DOP 3.0, camera bearing 47.9 deg true"
jan-van-galenstraat-49,photo_heading,47.9,photos-2009,2009-10-14,1.0,the shopfront lies along this bearing from the fix
wijde-kerksteeg-3,name,High Time 2,placesdata-2011,2011-07-18,0.7,
wijde-kerksteeg-3,kind,coffeeshop,placesdata-2011,2011-07-18,0.8,
wijde-kerksteeg-3,phone,+31 20 620 2315,placesdata-2011,2011-07-18,0.5,"seventeen years stale, verify before use"
wijde-kerksteeg-3,coordinate,"52.375324,4.89707",placesdata-2011,2011-07-18,0.4,geocoded alongside a GooglePlacePage; never eligible for OSM
wijde-kerksteeg-3,key_photo,PicturesOriginal/IMG_5100.JPG,photos-2009,2010-01-17,1.0,Apple iPhone 3G
wijde-kerksteeg-3,trading,true,photos-2009,2010-01-17,1.0,"photographed open; presence attested, not a claim about today"
wijde-kerksteeg-3,coordinate,"52.3745,4.897",photos-2009,2010-01-17,0.9,"own GPS, DOP 3.0"
lange-niezel-25,name,Highway Bar,placesdata-2011,2011-07-18,0.7,
lange-niezel-25,kind,coffeeshop,placesdata-2011,2011-07-18,0.8,
lange-niezel-25,phone,+31 20 625 0775,placesdata-2011,2011-07-18,0.5,"seventeen years stale, verify before use"
lange-niezel-25,coordinate,"52.375026,4.899032",placesdata-2011,2011-07-18,0.4,geocoded alongside a GooglePlacePage; never eligible for OSM
lange-niezel-25,key_photo,PicturesOriginal/IMG_0038.JPG,photos-2009,2009-10-04,1.0,Apple iPhone 3GS
lange-niezel-25,trading,true,photos-2009,2009-10-04,1.0,"photographed open; presence attested, not a claim about today"
lange-niezel-25,coordinate,"52.375,4.8988333",photos-2009,2009-10-04,0.9,"own GPS, DOP 3.0, camera bearing 311.9 deg true"
lange-niezel-25,photo_heading,311.9,photos-2009,2009-10-04,1.0,the shopfront lies along this bearing from the fix
warmoesstraat-52,name,Hill Street Blues,placesdata-2011,2011-07-18,0.7,
warmoesstraat-52,kind,coffeeshop,placesdata-2011,2011-07-18,0.8,
warmoesstraat-52,phone,+31 20 638 7922,placesdata-2011,2011-07-18,0.5,"seventeen years stale, verify before use"
warmoesstraat-52,website,http://www.hill-street-blues.nl,placesdata-2011,2011-07-18,0.4,
warmoesstraat-52,coordinate,"52.375466,4.898214",placesdata-2011,2011-07-18,0.4,geocoded alongside a GooglePlacePage; never eligible for OSM
warmoesstraat-52,key_photo,PicturesOriginal/IMG_0020.JPG,photos-2009,2009-10-04,1.0,Apple iPhone 3GS
warmoesstraat-52,trading,true,photos-2009,2009-10-04,1.0,"photographed open; presence attested, not a claim about today"
warmoesstraat-52,coordinate,"52.3755,4.8983333",photos-2009,2009-10-04,0.6,"own GPS, camera bearing 221.9 deg true"
warmoesstraat-52,photo_heading,221.9,photos-2009,2009-10-04,1.0,the shopfront lies along this bearing from the fix
nieuwmarkt-14,name,Hill Street Blues at the Market,placesdata-2011,2011-07-18,0.7,
nieuwmarkt-14,kind,coffeeshop,placesdata-2011,2011-07-18,0.8,
nieuwmarkt-14,website,http://www.hill-street-blues.nl,placesdata-2011,2011-07-18,0.4,
nieuwmarkt-14,coordinate,"52.3727967153832,4.89997006952763",placesdata-2011,2011-07-18,0.4,geocoded alongside a GooglePlacePage; never eligible for OSM
nieuwmarkt-14,key_photo,PicturesOriginal/IMG_1026.JPG,photos-2009,2009-10-16,1.0,Apple iPhone 3GS
nieuwmarkt-14,trading,true,photos-2009,2009-10-16,1.0,"photographed open; presence attested, not a claim about today"
nieuwmarkt-14,coordinate,"52.3728333,4.9",photos-2009,2009-10-16,0.9,"own GPS, DOP 3.0, camera bearing 340.9 deg true"
nieuwmarkt-14,photo_heading,340.9,photos-2009,2009-10-16,1.0,the shopfront lies along this bearing from the fix
nieuwendijk-1,name,Hollywood IJssalon,placesdata-2011,2011-07-18,0.7,
nieuwendijk-1,kind,coffeeshop,placesdata-2011,2011-07-18,0.8,
nieuwendijk-1,phone,+31 20 620 8070,placesdata-2011,2011-07-18,0.5,"seventeen years stale, verify before use"
nieuwendijk-1,coordinate,"52.378893,4.894741",placesdata-2011,2011-07-18,0.4,geocoded alongside a GooglePlacePage; never eligible for OSM
nieuwendijk-1,key_photo,PicturesOriginal/IMG_0369.JPG,photos-2009,2009-10-06,1.0,Apple iPhone 3GS
nieuwendijk-1,trading,true,photos-2009,2009-10-06,1.0,"photographed open; presence attested, not a claim about today"
nieuwendijk-1,coordinate,"52.3788333,4.8946667",photos-2009,2009-10-06,0.9,"own GPS, DOP 3.0, camera bearing 353.9 deg true"
nieuwendijk-1,photo_heading,353.9,photos-2009,2009-10-06,1.0,the shopfront lies along this bearing from the fix
nieuwezijds-voorburgwal-87a,name,Homegrown Fantasy,placesdata-2011,2011-07-18,0.7,
nieuwezijds-voorburgwal-87a,kind,coffeeshop,placesdata-2011,2011-07-18,0.8,
nieuwezijds-voorburgwal-87a,phone,+31 20 627 5683,placesdata-2011,2011-07-18,0.5,"seventeen years stale, verify before use"
nieuwezijds-voorburgwal-87a,website,http://homegrownfantasy.com,placesdata-2011,2011-07-18,0.4,
nieuwezijds-voorburgwal-87a,coordinate,"52.374961,4.892122",placesdata-2011,2011-07-18,0.4,geocoded alongside a GooglePlacePage; never eligible for OSM
nieuwezijds-voorburgwal-87a,key_photo,PicturesOriginal/IMG_0306.JPG,photos-2009,2009-10-06,1.0,Apple iPhone 3GS
nieuwezijds-voorburgwal-87a,trading,true,photos-2009,2009-10-06,1.0,"photographed open; presence attested, not a claim about today"
nieuwezijds-voorburgwal-87a,coordinate,"52.3755,4.8923333",photos-2009,2009-10-06,0.9,"own GPS, DOP 3.0, camera bearing 16.9 deg true"
nieuwezijds-voorburgwal-87a,photo_heading,16.9,photos-2009,2009-10-06,1.0,the shopfront lies along this bearing from the fix
frederik-hendrikstraat-123,name,Hugo de Groot,placesdata-2011,2011-07-18,0.7,
frederik-hendrikstraat-123,kind,coffeeshop,placesdata-2011,2011-07-18,0.8,
frederik-hendrikstraat-123,phone,+31 20 681 7979,placesdata-2011,2011-07-18,0.5,"seventeen years stale, verify before use"
frederik-hendrikstraat-123,coordinate,"52.373904,4.872589",placesdata-2011,2011-07-18,0.4,geocoded alongside a GooglePlacePage; never eligible for OSM
frederik-hendrikstraat-123,key_photo,PicturesOriginal/IMG_0902.JPG,photos-2009,2009-10-15,1.0,Apple iPhone 3GS
frederik-hendrikstraat-123,trading,true,photos-2009,2009-10-15,1.0,"photographed open; presence attested, not a claim about today"
frederik-hendrikstraat-123,coordinate,"52.3738333,4.8725",photos-2009,2009-10-15,0.9,"own GPS, DOP 3.0, camera bearing 81.9 deg true"
frederik-hendrikstraat-123,photo_heading,81.9,photos-2009,2009-10-15,1.0,the shopfront lies along this bearing from the fix
warmoesstraat-24,name,Hunter's Bar,placesdata-2011,2011-07-18,0.7,
warmoesstraat-24,kind,coffeeshop,placesdata-2011,2011-07-18,0.8,
warmoesstraat-24,phone,+31 20 627 9732,placesdata-2011,2011-07-18,0.5,"seventeen years stale, verify before use"
warmoesstraat-24,coordinate,"52.37591,4.898844",placesdata-2011,2011-07-18,0.4,geocoded alongside a GooglePlacePage; never eligible for OSM
warmoesstraat-24,key_photo,PicturesOriginal/IMG_0027.JPG,photos-2009,2009-10-04,1.0,Apple iPhone 3GS
warmoesstraat-24,trading,true,photos-2009,2009-10-04,1.0,"photographed open; presence attested, not a claim about today"
warmoesstraat-24,coordinate,"52.3753333,4.8988333",photos-2009,2009-10-04,0.9,"own GPS, DOP 5.0, camera bearing 226.9 deg true"
warmoesstraat-24,photo_heading,226.9,photos-2009,2009-10-04,1.0,the shopfront lies along this bearing from the fix
warmoesstraat-37,name,Hunter's III,placesdata-2011,2011-07-18,0.7,
warmoesstraat-37,kind,coffeeshop,placesdata-2011,2011-07-18,0.8,
warmoesstraat-37,phone,+31 20 612 0107,placesdata-2011,2011-07-18,0.5,"seventeen years stale, verify before use"
warmoesstraat-37,coordinate,"52.37556,4.898735",placesdata-2011,2011-07-18,0.4,geocoded alongside a GooglePlacePage; never eligible for OSM
warmoesstraat-37,key_photo,PicturesOriginal/IMG_0021.JPG,photos-2009,2009-10-04,1.0,Apple iPhone 3GS
warmoesstraat-37,trading,true,photos-2009,2009-10-04,1.0,"photographed open; presence attested, not a claim about today"
warmoesstraat-37,coordinate,"52.3755,4.8983333",photos-2009,2009-10-04,0.6,"own GPS, camera bearing 9.9 deg true"
warmoesstraat-37,photo_heading,9.9,photos-2009,2009-10-04,1.0,the shopfront lies along this bearing from the fix
hemonystraat-16,name,Ibiza,placesdata-2011,2011-07-18,0.7,
hemonystraat-16,kind,coffeeshop,placesdata-2011,2011-07-18,0.8,
hemonystraat-16,phone,+31 6 11 11 15 82,placesdata-2011,2011-07-18,0.5,"seventeen years stale, verify before use"
hemonystraat-16,coordinate,"52.357465,4.902097",placesdata-2011,2011-07-18,0.4,geocoded alongside a GooglePlacePage; never eligible for OSM
hemonystraat-16,key_photo,PicturesOriginal/IMG_0633.JPG,photos-2009,2009-10-14,1.0,Apple iPhone 3GS
hemonystraat-16,trading,true,photos-2009,2009-10-14,1.0,"photographed open; presence attested, not a claim about today"
hemonystraat-16,coordinate,"52.3575,4.9021667",photos-2009,2009-10-14,0.9,"own GPS, DOP 3.0, camera bearing 198.9 deg true"
hemonystraat-16,photo_heading,198.9,photos-2009,2009-10-14,1.0,the shopfront lies along this bearing from the fix
achillesstraat-104,name,Jabba,placesdata-2011,2011-07-18,0.7,
achillesstraat-104,kind,coffeeshop,placesdata-2011,2011-07-18,0.8,
achillesstraat-104,phone,+31 20 664 8279,placesdata-2011,2011-07-18,0.5,"seventeen years stale, verify before use"
achillesstraat-104,coordinate,"52.344989,4.864187",placesdata-2011,2011-07-18,0.4,geocoded alongside a GooglePlacePage; never eligible for OSM
achillesstraat-104,key_photo,PicturesOriginal/IMG_0648.JPG,photos-2009,2009-10-14,1.0,Apple iPhone 3GS
achillesstraat-104,trading,true,photos-2009,2009-10-14,1.0,"photographed open; presence attested, not a claim about today"
achillesstraat-104,coordinate,"52.3448333,4.8645",photos-2009,2009-10-14,0.9,"own GPS, DOP 1.0, camera bearing 226.9 deg true"
achillesstraat-104,photo_heading,226.9,photos-2009,2009-10-14,1.0,the shopfront lies along this bearing from the fix
elandsgracht-3,name,Johnny,placesdata-2011,2011-07-18,0.7,
elandsgracht-3,kind,coffeeshop,placesdata-2011,2011-07-18,0.8,
elandsgracht-3,phone,+31 20 638 3984,placesdata-2011,2011-07-18,0.5,"seventeen years stale, verify before use"
elandsgracht-3,coordinate,"52.369884,4.882275",placesdata-2011,2011-07-18,0.4,geocoded alongside a GooglePlacePage; never eligible for OSM
elandsgracht-3,key_photo,PicturesOriginal/IMG_0208.JPG,photos-2009,2009-10-06,1.0,Apple iPhone 3GS
elandsgracht-3,trading,true,photos-2009,2009-10-06,1.0,"photographed open; presence attested, not a claim about today"
elandsgracht-3,coordinate,"52.3701667,4.8821667",photos-2009,2009-10-06,0.9,"own GPS, DOP 3.0, camera bearing 168.9 deg true"
elandsgracht-3,photo_heading,168.9,photos-2009,2009-10-06,1.0,the shopfront lies along this bearing from the fix
nieuwmarkt-4a,name,De Jolly Joker,placesdata-2011,2011-07-18,0.7,
nieuwmarkt-4a,sort_name,Jolly Joker,placesdata-2011,2011-07-18,0.7,
nieuwmarkt-4a,kind,coffeeshop,placesdata-2011,2011-07-18,0.8,
nieuwmarkt-4a,phone,+31 6 53 70 76 95,placesdata-2011,2011-07-18,0.5,"seventeen years stale, verify before use"
nieuwmarkt-4a,coordinate,"52.3730439840823,4.90015916526318",placesdata-2011,2011-07-18,0.4,geocoded alongside a GooglePlacePage; never eligible for OSM
nieuwmarkt-4a,key_photo,PicturesOriginal/IMG_1015.JPG,photos-2009,2009-10-16,1.0,Apple iPhone 3GS
nieuwmarkt-4a,trading,true,photos-2009,2009-10-16,1.0,"photographed open; presence attested, not a claim about today"
nieuwmarkt-4a,coordinate,"52.373,4.9003333",photos-2009,2009-10-16,0.9,"own GPS, DOP 1.0, camera bearing 236.9 deg true"
nieuwmarkt-4a,photo_heading,236.9,photos-2009,2009-10-16,1.0,the shopfront lies along this bearing from the fix
ruysdaelkade-145,name,De Kabouter,placesdata-2011,2011-07-18,0.7,
ruysdaelkade-145,sort_name,Kabouter,placesdata-2011,2011-07-18,0.7,
ruysdaelkade-145,kind,coffeeshop,placesdata-2011,2011-07-18,0.8,
ruysdaelkade-145,phone,+31 20 671 5370,placesdata-2011,2011-07-18,0.5,"seventeen years stale, verify before use"
ruysdaelkade-145,coordinate,"52.353655,4.887276",placesdata-2011,2011-07-18,0.4,geocoded alongside a GooglePlacePage; never eligible for OSM
ruysdaelkade-145,key_photo,PicturesOriginal/IMG_0566.JPG,photos-2009,2009-10-13,1.0,Apple iPhone 3GS
ruysdaelkade-145,trading,true,photos-2009,2009-10-13,1.0,"photographed open; presence attested, not a claim about today"
ruysdaelkade-145,coordinate,"52.3536667,4.8871667",photos-2009,2009-10-13,0.9,"own GPS, DOP 3.0, camera bearing 37.9 deg true"
ruysdaelkade-145,photo_heading,37.9,photos-2009,2009-10-13,1.0,the shopfront lies along this bearing from the fix
stadionkade-107,name,De Kade,placesdata-2011,2011-07-18,0.7,
stadionkade-107,sort_name,Kade,placesdata-2011,2011-07-18,0.7,
stadionkade-107,kind,coffeeshop,placesdata-2011,2011-07-18,0.8,
stadionkade-107,phone,+31 20 673 8102,placesdata-2011,2011-07-18,0.5,"seventeen years stale, verify before use"
stadionkade-107,coordinate,"52.343462,4.864267",placesdata-2011,2011-07-18,0.4,geocoded alongside a GooglePlacePage; never eligible for OSM
stadionkade-107,key_photo,PicturesOriginal/IMG_0656.JPG,photos-2009,2009-10-14,1.0,Apple iPhone 3GS
stadionkade-107,trading,true,photos-2009,2009-10-14,1.0,"photographed open; presence attested, not a claim about today"
stadionkade-107,coordinate,"52.3433333,4.8641667",photos-2009,2009-10-14,0.9,"own GPS, DOP 1.0, camera bearing 299.9 deg true"
stadionkade-107,photo_heading,299.9,photos-2009,2009-10-14,1.0,the shopfront lies along this bearing from the fix
langebrugsteeg-7a,name,Kadinsky 1,placesdata-2011,2011-07-18,0.7,
langebrugsteeg-7a,kind,coffeeshop,placesdata-2011,2011-07-18,0.8,
langebrugsteeg-7a,phone,+31 20 420 2132,placesdata-2011,2011-07-18,0.5,"seventeen years stale, verify before use"
langebrugsteeg-7a,coordinate,"52.369432,4.892859",placesdata-2011,2011-07-18,0.4,geocoded alongside a GooglePlacePage; never eligible for OSM
langebrugsteeg-7a,key_photo,PicturesOriginal/IMG_1054.JPG,photos-2009,2009-10-16,1.0,Apple iPhone 3GS
langebrugsteeg-7a,trading,true,photos-2009,2009-10-16,1.0,"photographed open; presence attested, not a claim about today"
langebrugsteeg-7a,coordinate,"52.3696667,4.8928333",photos-2009,2009-10-16,0.9,"own GPS, DOP 5.0, camera bearing 282.9 deg true"
langebrugsteeg-7a,photo_heading,282.9,photos-2009,2009-10-16,1.0,the shopfront lies along this bearing from the fix
rosmarijnsteeg-9,name,Kadinsky 2,placesdata-2011,2011-07-18,0.7,
rosmarijnsteeg-9,kind,coffeeshop,placesdata-2011,2011-07-18,0.8,
rosmarijnsteeg-9,phone,+31 20 624 7023,placesdata-2011,2011-07-18,0.5,"seventeen years stale, verify before use"
rosmarijnsteeg-9,coordinate,"52.370309,4.889805",placesdata-2011,2011-07-18,0.4,geocoded alongside a GooglePlacePage; never eligible for OSM
rosmarijnsteeg-9,key_photo,PicturesOriginal/IMG_0240.JPG,photos-2009,2009-10-06,1.0,Apple iPhone 3GS
rosmarijnsteeg-9,trading,true,photos-2009,2009-10-06,1.0,"photographed open; presence attested, not a claim about today"
rosmarijnsteeg-9,coordinate,"52.37,4.8893333",photos-2009,2009-10-06,0.6,"own GPS, DOP 10.0, camera bearing 223.9 deg true"
rosmarijnsteeg-9,photo_heading,223.9,photos-2009,2009-10-06,1.0,the shopfront lies along this bearing from the fix
zoutsteeg-14,name,Kadinsky 3,placesdata-2011,2011-07-18,0.7,
zoutsteeg-14,kind,coffeeshop,placesdata-2011,2011-07-18,0.8,
zoutsteeg-14,phone,+31 20 620 4715,placesdata-2011,2011-07-18,0.5,"seventeen years stale, verify before use"
zoutsteeg-14,coordinate,"52.374182,4.893835",placesdata-2011,2011-07-18,0.4,geocoded alongside a GooglePlacePage; never eligible for OSM
zoutsteeg-14,key_photo,PicturesOriginal/IMG_1185.JPG,photos-2009,2009-10-16,1.0,Apple iPhone 3GS
zoutsteeg-14,trading,true,photos-2009,2009-10-16,1.0,"photographed open; presence attested, not a claim about today"
zoutsteeg-14,coordinate,"52.3743333,4.8935",photos-2009,2009-10-16,0.9,"own GPS, DOP 3.0, camera bearing 274.9 deg true"
zoutsteeg-14,photo_heading,274.9,photos-2009,2009-10-16,1.0,the shopfront lies along this bearing from the fix
jan-pieter-heijestraat-82,name,Kashmir,placesdata-2011,2011-07-18,0.7,
jan-pieter-heijestraat-82,kind,coffeeshop,placesdata-2011,2011-07-18,0.8,
jan-pieter-heijestraat-82,phone,+31 20 618 0683,placesdata-2011,2011-07-18,0.5,"seventeen years stale, verify before use"
jan-pieter-heijestraat-82,coordinate,"52.363996,4.862915",placesdata-2011,2011-07-18,0.4,geocoded alongside a GooglePlacePage; never eligible for OSM
jan-pieter-heijestraat-82,key_photo,PicturesOriginal/IMG_0797.JPG,photos-2009,2009-10-14,1.0,Apple iPhone 3GS
jan-pieter-heijestraat-82,trading,true,photos-2009,2009-10-14,1.0,"photographed open; presence attested, not a claim about today"
jan-pieter-heijestraat-82,coordinate,"52.3638333,4.8631667",photos-2009,2009-10-14,0.9,"own GPS, DOP 3.0, camera bearing 300.9 deg true"
jan-pieter-heijestraat-82,photo_heading,300.9,photos-2009,2009-10-14,1.0,the shopfront lies along this bearing from the fix
1e-van-der-helststraat-70,name,Katsu,placesdata-2011,2011-07-18,0.7,
1e-van-der-helststraat-70,kind,coffeeshop,placesdata-2011,2011-07-18,0.8,
1e-van-der-helststraat-70,phone,+31 20 657 2617,placesdata-2011,2011-07-18,0.5,"seventeen years stale, verify before use"
1e-van-der-helststraat-70,website,http://www.katsu.nl,placesdata-2011,2011-07-18,0.4,
1e-van-der-helststraat-70,coordinate,"52.354792,4.893235",placesdata-2011,2011-07-18,0.4,geocoded alongside a GooglePlacePage; never eligible for OSM
1e-van-der-helststraat-70,key_photo,PicturesOriginal/IMG_0576.JPG,photos-2009,2009-10-13,1.0,Apple iPhone 3GS
1e-van-der-helststraat-70,trading,true,photos-2009,2009-10-13,1.0,"photographed open; presence attested, not a claim about today"
1e-van-der-helststraat-70,coordinate,"52.3548333,4.8935",photos-2009,2009-10-13,0.9,"own GPS, DOP 3.0, camera bearing 233.9 deg true"
1e-van-der-helststraat-70,photo_heading,233.9,photos-2009,2009-10-13,1.0,the shopfront lies along this bearing from the fix
van-woustraat-193,name,De Keeper,placesdata-2011,2011-07-18,0.7,
van-woustraat-193,sort_name,Keeper,placesdata-2011,2011-07-18,0.7,
van-woustraat-193,kind,coffeeshop,placesdata-2011,2011-07-18,0.8,
van-woustraat-193,phone,+31 20 673 2972,placesdata-2011,2011-07-18,0.5,"seventeen years stale, verify before use"
van-woustraat-193,coordinate,"52.35112,4.903618",placesdata-2011,2011-07-18,0.4,geocoded alongside a GooglePlacePage; never eligible for OSM
van-woustraat-193,key_photo,PicturesOriginal/IMG_0527.JPG,photos-2009,2009-10-13,1.0,Apple iPhone 3GS
van-woustraat-193,trading,true,photos-2009,2009-10-13,1.0,"photographed open; presence attested, not a claim about today"
van-woustraat-193,coordinate,"52.3511667,4.9035",photos-2009,2009-10-13,0.9,"own GPS, DOP 3.0, camera bearing 16.9 deg true"
van-woustraat-193,photo_heading,16.9,photos-2009,2009-10-13,1.0,the shopfront lies along this bearing from the fix
rietwijkerstraat-30,name,De Kroon 3,placesdata-2011,2011-07-18,0.7,
rietwijkerstraat-30,sort_name,Kroon 3,placesdata-2011,2011-07-18,0.7,
rietwijkerstraat-30,kind,coffeeshop,placesdata-2011,2011-07-18,0.8,
rietwijkerstraat-30,phone,+31 6 21 60 23 68,placesdata-2011,2011-07-18,0.5,"seventeen years stale, verify before use"
rietwijkerstraat-30,coordinate,"52.349375,4.849349",placesdata-2011,2011-07-18,0.4,geocoded alongside a GooglePlacePage; never eligible for OSM
rietwijkerstraat-30,key_photo,PicturesOriginal/IMG_0670.JPG,photos-2009,2009-10-14,1.0,Apple iPhone 3GS
rietwijkerstraat-30,trading,true,photos-2009,2009-10-14,1.0,"photographed open; presence attested, not a claim about today"
rietwijkerstraat-30,coordinate,"52.3493333,4.8493333",photos-2009,2009-10-14,0.9,"own GPS, DOP 3.0, camera bearing 331.9 deg true"
rietwijkerstraat-30,photo_heading,331.9,photos-2009,2009-10-14,1.0,the shopfront lies along this bearing from the fix
oudebrugsteeg-26,name,De Kroon II,placesdata-2011,2011-07-18,0.7,
oudebrugsteeg-26,sort_name,Kroon II,placesdata-2011,2011-07-18,0.7,
oudebrugsteeg-26,kind,coffeeshop,placesdata-2011,2011-07-18,0.8,
oudebrugsteeg-26,phone,+31 20 330 7805,placesdata-2011,2011-07-18,0.5,"seventeen years stale, verify before use"
oudebrugsteeg-26,coordinate,"52.375974,4.896001",placesdata-2011,2011-07-18,0.4,geocoded alongside a GooglePlacePage; never eligible for OSM
oudebrugsteeg-26,key_photo,PicturesOriginal/IMG_0292.JPG,photos-2009,2009-10-06,1.0,Apple iPhone 3GS
oudebrugsteeg-26,trading,true,photos-2009,2009-10-06,1.0,"photographed open; presence attested, not a claim about today"
oudebrugsteeg-26,coordinate,"52.3756667,4.8963333",photos-2009,2009-10-06,0.6,"own GPS, camera bearing 316.9 deg true"
oudebrugsteeg-26,photo_heading,316.9,photos-2009,2009-10-06,1.0,the shopfront lies along this bearing from the fix
vijzelgracht-47,name,Little,placesdata-2011,2011-07-18,0.7,
vijzelgracht-47,kind,coffeeshop,placesdata-2011,2011-07-18,0.8,
vijzelgracht-47,phone,+31 20 420 1386,placesdata-2011,2011-07-18,0.5,"seventeen years stale, verify before use"
vijzelgracht-47,coordinate,"52.360603,4.891307",placesdata-2011,2011-07-18,0.4,geocoded alongside a GooglePlacePage; never eligible for OSM
vijzelgracht-47,key_photo,PicturesOriginal/IMG_0433.JPG,photos-2009,2009-10-08,1.0,Apple iPhone 3GS
vijzelgracht-47,trading,true,photos-2009,2009-10-08,1.0,"photographed open; presence attested, not a claim about today"
vijzelgracht-47,coordinate,"52.3608333,4.891",photos-2009,2009-10-08,0.9,"own GPS, DOP 5.0, camera bearing 156.9 deg true"
vijzelgracht-47,photo_heading,156.9,photos-2009,2009-10-08,1.0,the shopfront lies along this bearing from the fix
jan-van-galenstraat-285,name,Loft,placesdata-2011,2011-07-18,0.7,
jan-van-galenstraat-285,kind,coffeeshop,placesdata-2011,2011-07-18,0.8,
jan-van-galenstraat-285,phone,+31 20 612 6953,placesdata-2011,2011-07-18,0.5,"seventeen years stale, verify before use"
jan-van-galenstraat-285,website,http://www.coffeeshoploft.nl,placesdata-2011,2011-07-18,0.4,
jan-van-galenstraat-285,coordinate,"52.372717,4.848827",placesdata-2011,2011-07-18,0.4,geocoded alongside a GooglePlacePage; never eligible for OSM
jan-van-galenstraat-285,key_photo,PicturesOriginal/IMG_0719.JPG,photos-2009,2009-10-14,1.0,Apple iPhone 3GS
jan-van-galenstraat-285,trading,true,photos-2009,2009-10-14,1.0,"photographed open; presence attested, not a claim about today"
jan-van-galenstraat-285,coordinate,"52.3728333,4.8491667",photos-2009,2009-10-14,0.9,"own GPS, DOP 3.0, camera bearing 106.9 deg true"
jan-van-galenstraat-285,photo_heading,106.9,photos-2009,2009-10-14,1.0,the shopfront lies along this bearing from the fix
3e-oosterparkstraat-142,name,Los Angeles,placesdata-2011,2011-07-18,0.7,
3e-oosterparkstraat-142,kind,coffeeshop,placesdata-2011,2011-07-18,0.8,
3e-oosterparkstraat-142,phone,+31 20 777 2776,placesdata-2011,2011-07-18,0.5,"seventeen years stale, verify before use"
3e-oosterparkstraat-142,coordinate,"52.357046,4.919515",placesdata-2011,2011-07-18,0.4,geocoded alongside a GooglePlacePage; never eligible for OSM
3e-oosterparkstraat-142,key_photo,PicturesOriginal/IMG_0502.JPG,photos-2009,2009-10-13,1.0,Apple iPhone 3GS
3e-oosterparkstraat-142,trading,true,photos-2009,2009-10-13,1.0,"photographed open; presence attested, not a claim about today"
3e-oosterparkstraat-142,coordinate,"52.3571667,4.9193333",photos-2009,2009-10-13,0.6,"own GPS, camera bearing 24.9 deg true"
3e-oosterparkstraat-142,photo_heading,24.9,photos-2009,2009-10-13,1.0,the shopfront lies along this bearing from the fix
frederik-hendrikstraat-22,name,Lucifera,placesdata-2011,2011-07-18,0.7,
frederik-hendrikstraat-22,kind,coffeeshop,placesdata-2011,2011-07-18,0.8,
frederik-hendrikstraat-22,phone,+31 20 686 8408,placesdata-2011,2011-07-18,0.5,"seventeen years stale, verify before use"
frederik-hendrikstraat-22,coordinate,"52.377767,4.874581",placesdata-2011,2011-07-18,0.4,geocoded alongside a GooglePlacePage; never eligible for OSM
frederik-hendrikstraat-22,key_photo,PicturesOriginal/IMG_0923.JPG,photos-2009,2009-10-15,1.0,Apple iPhone 3GS
frederik-hendrikstraat-22,trading,true,photos-2009,2009-10-15,1.0,"photographed open; presence attested, not a claim about today"
frederik-hendrikstraat-22,coordinate,"52.3778333,4.8746667",photos-2009,2009-10-15,0.9,"own GPS, DOP 0.5, camera bearing 136.9 deg true"
frederik-hendrikstraat-22,photo_heading,136.9,photos-2009,2009-10-15,1.0,the shopfront lies along this bearing from the fix
herengracht-287,name,Magic,placesdata-2011,2011-07-18,0.7,
herengracht-287,kind,coffeeshop,placesdata-2011,2011-07-18,0.8,
herengracht-287,phone,+31 20 771 5093,placesdata-2011,2011-07-18,0.5,"seventeen years stale, verify before use"
herengracht-287,coordinate,"52.370863,4.887405",placesdata-2011,2011-07-18,0.4,geocoded alongside a GooglePlacePage; never eligible for OSM
herengracht-287,key_photo,PicturesOriginal/IMG_1208.JPG,photos-2009,2009-10-16,1.0,Apple iPhone 3GS
herengracht-287,trading,true,photos-2009,2009-10-16,1.0,"photographed open; presence attested, not a claim about today"
herengracht-287,coordinate,"52.3706667,4.887",photos-2009,2009-10-16,0.9,"own GPS, DOP 3.0, camera bearing 34.9 deg true"
herengracht-287,photo_heading,34.9,photos-2009,2009-10-16,1.0,the shopfront lies along this bearing from the fix
witte-de-withstraat-106,name,El Marssa,placesdata-2011,2011-07-18,0.7,
witte-de-withstraat-106,sort_name,Marssa,placesdata-2011,2011-07-18,0.7,
witte-de-withstraat-106,kind,coffeeshop,placesdata-2011,2011-07-18,0.8,
witte-de-withstraat-106,phone,+31 20 683 1261,placesdata-2011,2011-07-18,0.5,"seventeen years stale, verify before use"
witte-de-withstraat-106,coordinate,"52.368892,4.859286",placesdata-2011,2011-07-18,0.4,geocoded alongside a GooglePlacePage; never eligible for OSM
witte-de-withstraat-106,key_photo,PicturesOriginal/IMG_0808.JPG,photos-2009,2009-10-14,1.0,Apple iPhone 3GS
witte-de-withstraat-106,trading,true,photos-2009,2009-10-14,1.0,"photographed open; presence attested, not a claim about today"
witte-de-withstraat-106,coordinate,"52.369,4.8593333",photos-2009,2009-10-14,0.9,"own GPS, DOP 3.0, camera bearing 281.9 deg true"
witte-de-withstraat-106,photo_heading,281.9,photos-2009,2009-10-14,1.0,the shopfront lies along this bearing from the fix
chassestraat-4,name,Massawa,placesdata-2011,2011-07-18,0.7,
chassestraat-4,kind,coffeeshop,placesdata-2011,2011-07-18,0.8,
chassestraat-4,phone,+31 20 689 4377,placesdata-2011,2011-07-18,0.5,"seventeen years stale, verify before use"
chassestraat-4,coordinate,"52.367439,4.862067",placesdata-2011,2011-07-18,0.4,geocoded alongside a GooglePlacePage; never eligible for OSM
chassestraat-4,key_photo,PicturesOriginal/IMG_0814.JPG,photos-2009,2009-10-14,1.0,Apple iPhone 3GS
chassestraat-4,trading,true,photos-2009,2009-10-14,1.0,"photographed open; presence attested, not a claim about today"
chassestraat-4,coordinate,"52.3673333,4.862",photos-2009,2009-10-14,0.9,"own GPS, DOP 3.0, camera bearing 295.9 deg true"
chassestraat-4,photo_heading,295.9,photos-2009,2009-10-14,1.0,the shopfront lies along this bearing from the fix
spuistraat-80,name,Mediterranné,placesdata-2011,2011-07-18,0.7,
spuistraat-80,kind,coffeeshop,placesdata-2011,2011-07-18,0.8,
spuistraat-80,phone,+31 20 620 0140,placesdata-2011,2011-07-18,0.5,"seventeen years stale, verify before use"
spuistraat-80,coordinate,"52.375582,4.891412",placesdata-2011,2011-07-18,0.4,geocoded alongside a GooglePlacePage; never eligible for OSM
spuistraat-80,key_photo,PicturesOriginal/IMG_0328.JPG,photos-2009,2009-10-06,1.0,Apple iPhone 3GS
spuistraat-80,trading,true,photos-2009,2009-10-06,1.0,"photographed open; presence attested, not a claim about today"
spuistraat-80,coordinate,"52.376,4.8916667",photos-2009,2009-10-06,0.6,"own GPS, DOP 10.0, camera bearing 270.9 deg true"
spuistraat-80,photo_heading,270.9,photos-2009,2009-10-06,1.0,the shopfront lies along this bearing from the fix
agatha-dekenstraat-40,name,Melilla,placesdata-2011,2011-07-18,0.7,
agatha-dekenstraat-40,kind,coffeeshop,placesdata-2011,2011-07-18,0.8,
agatha-dekenstraat-40,phone,+31 20 612 2278,placesdata-2011,2011-07-18,0.5,"seventeen years stale, verify before use"
agatha-dekenstraat-40,coordinate,"52.368655,4.866801",placesdata-2011,2011-07-18,0.4,geocoded alongside a GooglePlacePage; never eligible for OSM
agatha-dekenstraat-40,key_photo,PicturesOriginal/IMG_0897.JPG,photos-2009,2009-10-15,1.0,Apple iPhone 3GS
agatha-dekenstraat-40,trading,true,photos-2009,2009-10-15,1.0,"photographed open; presence attested, not a claim about today"
agatha-dekenstraat-40,coordinate,"52.3688333,4.867",photos-2009,2009-10-15,0.9,"own GPS, DOP 5.0, camera bearing 186.9 deg true"
agatha-dekenstraat-40,photo_heading,186.9,photos-2009,2009-10-15,1.0,the shopfront lies along this bearing from the fix
vijzelgracht-33,name,Mellow Yellow,placesdata-2011,2011-07-18,0.7,
vijzelgracht-33,kind,coffeeshop,placesdata-2011,2011-07-18,0.8,
vijzelgracht-33,phone,+31 20 634 0436,placesdata-2011,2011-07-18,0.5,"seventeen years stale, verify before use"
vijzelgracht-33,website,http://mellow-yellow.nl,placesdata-2011,2011-07-18,0.4,
vijzelgracht-33,coordinate,"52.361029,4.891539",placesdata-2011,2011-07-18,0.4,geocoded alongside a GooglePlacePage; never eligible for OSM
vijzelgracht-33,key_photo,PicturesOriginal/IMG_0160.JPG,photos-2009,2009-10-06,1.0,Apple iPhone 3GS
vijzelgracht-33,trading,true,photos-2009,2009-10-06,1.0,"photographed open; presence attested, not a claim about today"
vijzelgracht-33,coordinate,"52.3611667,4.8913333",photos-2009,2009-10-06,0.6,"own GPS, camera bearing 36.9 deg true"
vijzelgracht-33,photo_heading,36.9,photos-2009,2009-10-06,1.0,the shopfront lies along this bearing from the fix
jan-hanzenstraat-109,name,Millennium,placesdata-2011,2011-07-18,0.7,
jan-hanzenstraat-109,kind,coffeeshop,placesdata-2011,2011-07-18,0.8,
jan-hanzenstraat-109,phone,+31 6 34 05 99 03,placesdata-2011,2011-07-18,0.5,"seventeen years stale, verify before use"
jan-hanzenstraat-109,coordinate,"52.367457,4.864146",placesdata-2011,2011-07-18,0.4,geocoded alongside a GooglePlacePage; never eligible for OSM
jan-hanzenstraat-109,key_photo,PicturesOriginal/IMG_0789.JPG,photos-2009,2009-10-14,1.0,Apple iPhone 3GS
jan-hanzenstraat-109,trading,true,photos-2009,2009-10-14,1.0,"photographed open; presence attested, not a claim about today"
jan-hanzenstraat-109,coordinate,"52.3676667,4.8638333",photos-2009,2009-10-14,0.9,"own GPS, DOP 3.0, camera bearing 97.9 deg true"
jan-hanzenstraat-109,photo_heading,97.9,photos-2009,2009-10-14,1.0,the shopfront lies along this bearing from the fix
spuistraat-118,name,Monaco,placesdata-2011,2011-07-18,0.7,
spuistraat-118,kind,coffeeshop,placesdata-2011,2011-07-18,0.8,
spuistraat-118,phone,+31 20 627 5138,placesdata-2011,2011-07-18,0.5,"seventeen years stale, verify before use"
spuistraat-118,coordinate,"52.374641,4.890256",placesdata-2011,2011-07-18,0.4,geocoded alongside a GooglePlacePage; never eligible for OSM
spuistraat-118,key_photo,PicturesOriginal/IMG_0325.JPG,photos-2009,2009-10-06,1.0,Apple iPhone 3GS
spuistraat-118,trading,true,photos-2009,2009-10-06,1.0,"photographed open; presence attested, not a claim about today"
spuistraat-118,coordinate,"52.3746667,4.8905",photos-2009,2009-10-06,0.9,"own GPS, DOP 3.0, camera bearing 303.9 deg true"
spuistraat-118,photo_heading,303.9,photos-2009,2009-10-06,1.0,the shopfront lies along this bearing from the fix
krugerplein-22,name,Nachtegaal,placesdata-2011,2011-07-18,0.7,
krugerplein-22,kind,coffeeshop,placesdata-2011,2011-07-18,0.8,
krugerplein-22,phone,+31 20 663 5599,placesdata-2011,2011-07-18,0.5,"seventeen years stale, verify before use"
krugerplein-22,coordinate,"52.354082,4.919255",placesdata-2011,2011-07-18,0.4,geocoded alongside a GooglePlacePage; never eligible for OSM
krugerplein-22,key_photo,PicturesOriginal/IMG_0498.JPG,photos-2009,2009-10-13,1.0,Apple iPhone 3GS
krugerplein-22,trading,true,photos-2009,2009-10-13,1.0,"photographed open; presence attested, not a claim about today"
krugerplein-22,coordinate,"52.354,4.9193333",photos-2009,2009-10-13,0.9,"own GPS, DOP 3.0, camera bearing 339.9 deg true"
krugerplein-22,photo_heading,339.9,photos-2009,2009-10-13,1.0,the shopfront lies along this bearing from the fix
spuistraat-260,name,New Times,placesdata-2011,2011-07-18,0.7,
spuistraat-260,kind,coffeeshop,placesdata-2011,2011-07-18,0.8,
spuistraat-260,phone,+31 6 51 89 28 98,placesdata-2011,2011-07-18,0.5,"seventeen years stale, verify before use"
spuistraat-260,coordinate,"52.370597,4.888888",placesdata-2011,2011-07-18,0.4,geocoded alongside a GooglePlacePage; never eligible for OSM
spuistraat-260,key_photo,PicturesOriginal/IMG_0235.JPG,photos-2009,2009-10-06,1.0,Apple iPhone 3GS
spuistraat-260,trading,true,photos-2009,2009-10-06,1.0,"photographed open; presence attested, not a claim about today"
spuistraat-260,coordinate,"52.3708333,4.8891667",photos-2009,2009-10-06,0.6,"own GPS, camera bearing 199.9 deg true"
spuistraat-260,photo_heading,199.9,photos-2009,2009-10-06,1.0,the shopfront lies along this bearing from the fix
linnaeusstraat-83,name,New York,placesdata-2011,2011-07-18,0.7,
linnaeusstraat-83,kind,coffeeshop,placesdata-2011,2011-07-18,0.8,
linnaeusstraat-83,phone,+31 20 468 4741,placesdata-2011,2011-07-18,0.5,"seventeen years stale, verify before use"
linnaeusstraat-83,coordinate,"52.359738,4.925739",placesdata-2011,2011-07-18,0.4,geocoded alongside a GooglePlacePage; never eligible for OSM
linnaeusstraat-83,key_photo,PicturesOriginal/IMG_0441.JPG,photos-2009,2009-10-13,1.0,Apple iPhone 3GS
linnaeusstraat-83,trading,true,photos-2009,2009-10-13,1.0,"photographed open; presence attested, not a claim about today"
linnaeusstraat-83,coordinate,"52.3596667,4.9256667",photos-2009,2009-10-13,0.9,"own GPS, DOP 1.0, camera bearing 351.9 deg true"
linnaeusstraat-83,photo_heading,351.9,photos-2009,2009-10-13,1.0,the shopfront lies along this bearing from the fix
van-ostadestraat-290,name,Nice Place,placesdata-2011,2011-07-18,0.7,
van-ostadestraat-290,kind,coffeeshop,placesdata-2011,2011-07-18,0.8,
van-ostadestraat-290,phone,+31 6 44 67 15 75,placesdata-2011,2011-07-18,0.5,"seventeen years stale, verify before use"
van-ostadestraat-290,coordinate,"52.353336,4.900022",placesdata-2011,2011-07-18,0.4,geocoded alongside a GooglePlacePage; never eligible for OSM
van-ostadestraat-290,key_photo,PicturesOriginal/IMG_0642.JPG,photos-2009,2009-10-14,1.0,Apple iPhone 3GS
van-ostadestraat-290,trading,true,photos-2009,2009-10-14,1.0,"photographed open; presence attested, not a claim about today"
van-ostadestraat-290,coordinate,"52.3535,4.8995",photos-2009,2009-10-14,0.9,"own GPS, DOP 3.0, camera bearing 110.9 deg true"
van-ostadestraat-290,photo_heading,110.9,photos-2009,2009-10-14,1.0,the shopfront lies along this bearing from the fix
czaar-peterstraat-122,name,Nogal Wiedes,placesdata-2011,2011-07-18,0.7,
czaar-peterstraat-122,kind,coffeeshop,placesdata-2011,2011-07-18,0.8,
czaar-peterstraat-122,phone,+31 20 626 0448,placesdata-2011,2011-07-18,0.5,"seventeen years stale, verify before use"
czaar-peterstraat-122,coordinate,"52.370181,4.929987",placesdata-2011,2011-07-18,0.4,geocoded alongside a GooglePlacePage; never eligible for OSM
czaar-peterstraat-122,key_photo,PicturesOriginal/IMG_0467.JPG,photos-2009,2009-10-13,1.0,Apple iPhone 3GS
czaar-peterstraat-122,trading,true,photos-2009,2009-10-13,1.0,"photographed open; presence attested, not a claim about today"
czaar-peterstraat-122,coordinate,"52.3703333,4.93",photos-2009,2009-10-13,0.9,"own GPS, DOP 3.0, camera bearing 68.9 deg true"
czaar-peterstraat-122,photo_heading,68.9,photos-2009,2009-10-13,1.0,the shopfront lies along this bearing from the fix
zieseniskade-22,name,The Noon,placesdata-2011,2011-07-18,0.7,
zieseniskade-22,sort_name,Noon,placesdata-2011,2011-07-18,0.7,
zieseniskade-22,kind,coffeeshop,placesdata-2011,2011-07-18,0.8,
zieseniskade-22,phone,+31 20 422 3669,placesdata-2011,2011-07-18,0.5,"seventeen years stale, verify before use"
zieseniskade-22,website,http://thenoon.net,placesdata-2011,2011-07-18,0.4,
zieseniskade-22,coordinate,"52.361648,4.886119",placesdata-2011,2011-07-18,0.4,geocoded alongside a GooglePlacePage; never eligible for OSM
zieseniskade-22,key_photo,PicturesOriginal/IMG_0867.JPG,photos-2009,2009-10-15,1.0,Apple iPhone 3GS
zieseniskade-22,trading,true,photos-2009,2009-10-15,1.0,"photographed open; presence attested, not a claim about today"
zieseniskade-22,coordinate,"52.3616667,4.8861667",photos-2009,2009-10-15,0.9,"own GPS, DOP 3.0, camera bearing 179.9 deg true"
zieseniskade-22,photo_heading,179.9,photos-2009,2009-10-15,1.0,the shopfront lies along this bearing from the fix
dusartstraat-57,name,Ocean,placesdata-2011,2011-07-18,0.7,
dusartstraat-57,kind,coffeeshop,placesdata-2011,2011-07-18,0.8,
dusartstraat-57,phone,+31 6 41 51 17 09,placesdata-2011,2011-07-18,0.5,"seventeen years stale, verify before use"
dusartstraat-57,coordinate,"52.350874,4.88928",placesdata-2011,2011-07-18,0.4,geocoded alongside a GooglePlacePage; never eligible for OSM
dusartstraat-57,key_photo,PicturesOriginal/IMG_0547.JPG,photos-2009,2009-10-13,1.0,Apple iPhone 3GS
dusartstraat-57,trading,true,photos-2009,2009-10-13,1.0,"photographed open; presence attested, not a claim about today"
dusartstraat-57,coordinate,"52.351,4.8893333",photos-2009,2009-10-13,0.9,"own GPS, DOP 3.0, camera bearing 190.9 deg true"
dusartstraat-57,photo_heading,190.9,photos-2009,2009-10-13,1.0,the shopfront lies along this bearing from the fix
warmoesstraat-70,name,Het Oerwoud,placesdata-2011,2011-07-18,0.7,
warmoesstraat-70,sort_name,Oerwoud,placesdata-2011,2011-07-18,0.7,
warmoesstraat-70,kind,coffeeshop,placesdata-2011,2011-07-18,0.8,
warmoesstraat-70,phone,+31 20 428 8477,placesdata-2011,2011-07-18,0.5,"seventeen years stale, verify before use"
warmoesstraat-70,coordinate,"52.375111,4.897489",placesdata-2011,2011-07-18,0.4,geocoded alongside a GooglePlacePage; never eligible for OSM
warmoesstraat-70,key_photo,PicturesOriginal/IMG_0010.JPG,photos-2009,2009-10-04,1.0,Apple iPhone 3GS
warmoesstraat-70,trading,true,photos-2009,2009-10-04,1.0,"photographed open; presence attested, not a claim about today"
warmoesstraat-70,coordinate,"52.375,4.8973333",photos-2009,2009-10-04,0.9,"own GPS, DOP 3.0, camera bearing 168.9 deg true"
warmoesstraat-70,photo_heading,168.9,photos-2009,2009-10-04,1.0,the shopfront lies along this bearing from the fix
amstelstraat-35,name,Old Amsterdam,placesdata-2011,2011-07-18,0.7,
amstelstraat-35,kind,coffeeshop,placesdata-2011,2011-07-18,0.8,
amstelstraat-35,phone,+31 20 622 0422,placesdata-2011,2011-07-18,0.5,"seventeen years stale, verify before use"
amstelstraat-35,coordinate,"52.36632,4.89957",placesdata-2011,2011-07-18,0.4,geocoded alongside a GooglePlacePage; never eligible for OSM
amstelstraat-35,key_photo,PicturesOriginal/IMG_0048.JPG,photos-2009,2009-10-04,1.0,Apple iPhone 3GS
amstelstraat-35,trading,true,photos-2009,2009-10-04,1.0,"photographed open; presence attested, not a claim about today"
amstelstraat-35,coordinate,"52.3646667,4.8995",photos-2009,2009-10-04,0.6,"own GPS, DOP 10.0, camera bearing 249.9 deg true"
amstelstraat-35,photo_heading,249.9,photos-2009,2009-10-04,1.0,the shopfront lies along this bearing from the fix
oudekerksplein-54,name,The Old Church,placesdata-2011,2011-07-18,0.7,
oudekerksplein-54,sort_name,Old Church,placesdata-2011,2011-07-18,0.7,
oudekerksplein-54,kind,coffeeshop,placesdata-2011,2011-07-18,0.8,
oudekerksplein-54,phone,+31 20 420 1264,placesdata-2011,2011-07-18,0.5,"seventeen years stale, verify before use"
oudekerksplein-54,coordinate,"52.373857,4.897689",placesdata-2011,2011-07-18,0.4,geocoded alongside a GooglePlacePage; never eligible for OSM
oudekerksplein-54,key_photo,PicturesOriginal/IMG_0277.JPG,photos-2009,2009-10-06,1.0,Apple iPhone 3GS
oudekerksplein-54,trading,true,photos-2009,2009-10-06,1.0,"photographed open; presence attested, not a claim about today"
oudekerksplein-54,coordinate,"52.374,4.8976667",photos-2009,2009-10-06,0.9,"own GPS, DOP 3.0, camera bearing 225.9 deg true"
oudekerksplein-54,photo_heading,225.9,photos-2009,2009-10-06,1.0,the shopfront lies along this bearing from the fix
ooievaarsweg-10,name,Het Ooiervaartje,placesdata-2011,2011-07-18,0.7,
ooievaarsweg-10,sort_name,Ooiervaartje,placesdata-2011,2011-07-18,0.7,
ooievaarsweg-10,kind,coffeeshop,placesdata-2011,2011-07-18,0.8,
ooievaarsweg-10,phone,+31 20 637 2215,placesdata-2011,2011-07-18,0.5,"seventeen years stale, verify before use"
ooievaarsweg-10,coordinate,"52.38354,4.912505",placesdata-2011,2011-07-18,0.4,geocoded alongside a GooglePlacePage; never eligible for OSM
ooievaarsweg-10,key_photo,PicturesOriginal/IMG_1279.JPG,photos-2009,2009-10-18,1.0,Apple iPhone 3GS
ooievaarsweg-10,trading,true,photos-2009,2009-10-18,1.0,"photographed open; presence attested, not a claim about today"
ooievaarsweg-10,coordinate,"52.3838333,4.9123333",photos-2009,2009-10-18,0.6,"own GPS, camera bearing 276.9 deg true"
ooievaarsweg-10,photo_heading,276.9,photos-2009,2009-10-18,1.0,the shopfront lies along this bearing from the fix
reguliersdwarsstraat-6,name,The Otherside,placesdata-2011,2011-07-18,0.7,
reguliersdwarsstraat-6,sort_name,Otherside,placesdata-2011,2011-07-18,0.7,
reguliersdwarsstraat-6,kind,coffeeshop,placesdata-2011,2011-07-18,0.8,
reguliersdwarsstraat-6,phone,+31 20 421 1014,placesdata-2011,2011-07-18,0.5,"seventeen years stale, verify before use"
reguliersdwarsstraat-6,coordinate,"52.366762,4.889097",placesdata-2011,2011-07-18,0.4,geocoded alongside a GooglePlacePage; never eligible for OSM
reguliersdwarsstraat-6,key_photo,PicturesOriginal/IMG_0168.JPG,photos-2009,2009-10-06,1.0,Apple iPhone 3GS
reguliersdwarsstraat-6,trading,true,photos-2009,2009-10-06,1.0,"photographed open; presence attested, not a claim about today"
reguliersdwarsstraat-6,coordinate,"52.3673333,4.8898333",photos-2009,2009-10-06,0.6,"own GPS, DOP 10.0, camera bearing 166.9 deg true"
reguliersdwarsstraat-6,photo_heading,166.9,photos-2009,2009-10-06,1.0,the shopfront lies along this bearing from the fix
nieuwe-herengracht-71,name,De Overkant Hortus,placesdata-2011,2011-07-18,0.7,
nieuwe-herengracht-71,sort_name,Overkant  Hortus,placesdata-2011,2011-07-18,0.7,
nieuwe-herengracht-71,kind,coffeeshop,placesdata-2011,2011-07-18,0.8,
nieuwe-herengracht-71,phone,+31 20 620 6577,placesdata-2011,2011-07-18,0.5,"seventeen years stale, verify before use"
nieuwe-herengracht-71,coordinate,"52.367352,4.906659",placesdata-2011,2011-07-18,0.4,geocoded alongside a GooglePlacePage; never eligible for OSM
nieuwe-herengracht-71,key_photo,PicturesOriginal/IMG_0059.JPG,photos-2009,2009-10-04,1.0,Apple iPhone 3GS
nieuwe-herengracht-71,trading,true,photos-2009,2009-10-04,1.0,"photographed open; presence attested, not a claim about today"
nieuwe-herengracht-71,coordinate,"52.3673333,4.9066667",photos-2009,2009-10-04,0.9,"own GPS, DOP 5.0, camera bearing 169.9 deg true"
nieuwe-herengracht-71,photo_heading,169.9,photos-2009,2009-10-04,1.0,the shopfront lies along this bearing from the fix
balthasar-floriszstraat-10,name,Pacific,placesdata-2011,2011-07-18,0.7,
balthasar-floriszstraat-10,kind,coffeeshop,placesdata-2011,2011-07-18,0.8,
balthasar-floriszstraat-10,phone,+31 20 671 0318,placesdata-2011,2011-07-18,0.5,"seventeen years stale, verify before use"
balthasar-floriszstraat-10,coordinate,"52.352981,4.884539",placesdata-2011,2011-07-18,0.4,geocoded alongside a GooglePlacePage; never eligible for OSM
balthasar-floriszstraat-10,key_photo,PicturesOriginal/IMG_0565.JPG,photos-2009,2009-10-13,1.0,Apple iPhone 3GS
balthasar-floriszstraat-10,trading,true,photos-2009,2009-10-13,1.0,"photographed open; presence attested, not a claim about today"
balthasar-floriszstraat-10,coordinate,"52.3531667,4.8848333",photos-2009,2009-10-13,0.9,"own GPS, DOP 1.0, camera bearing 139.9 deg true"
balthasar-floriszstraat-10,photo_heading,139.9,photos-2009,2009-10-13,1.0,the shopfront lies along this bearing from the fix
van-der-helstplein-8,name,Papillon,placesdata-2011,2011-07-18,0.7,
van-der-helstplein-8,kind,coffeeshop,placesdata-2011,2011-07-18,0.8,
van-der-helstplein-8,coordinate,"52.351827,4.895078",placesdata-2011,2011-07-18,0.4,geocoded alongside a GooglePlacePage; never eligible for OSM
van-der-helstplein-8,key_photo,PicturesOriginal/IMG_0543.JPG,photos-2009,2009-10-13,1.0,Apple iPhone 3GS
van-der-helstplein-8,trading,true,photos-2009,2009-10-13,1.0,"photographed open; presence attested, not a claim about today"
van-der-helstplein-8,coordinate,"52.3516667,4.8948333",photos-2009,2009-10-13,0.9,"own GPS, DOP 3.0, camera bearing 226.9 deg true"
van-der-helstplein-8,photo_heading,226.9,photos-2009,2009-10-13,1.0,the shopfront lies along this bearing from the fix
damstraat-8,name,Paradise,placesdata-2011,2011-07-18,0.7,
damstraat-8,kind,coffeeshop,placesdata-2011,2011-07-18,0.8,
damstraat-8,phone,+31 20 422 2297,placesdata-2011,2011-07-18,0.5,"seventeen years stale, verify before use"
damstraat-8,coordinate,"52.372218,4.894256",placesdata-2011,2011-07-18,0.4,geocoded alongside a GooglePlacePage; never eligible for OSM
damstraat-8,key_photo,PicturesOriginal/IMG_1217.JPG,photos-2009,2009-10-16,1.0,Apple iPhone 3GS
damstraat-8,trading,true,photos-2009,2009-10-16,1.0,"photographed open; presence attested, not a claim about today"
damstraat-8,coordinate,"52.3723333,4.8945",photos-2009,2009-10-16,0.9,"own GPS, DOP 3.0, camera bearing 277.9 deg true"
damstraat-8,photo_heading,277.9,photos-2009,2009-10-16,1.0,the shopfront lies along this bearing from the fix
1e-bloemdwarsstraat-2,name,Paradox,placesdata-2011,2011-07-18,0.7,
1e-bloemdwarsstraat-2,kind,coffeeshop,placesdata-2011,2011-07-18,0.8,
1e-bloemdwarsstraat-2,phone,+31 20 623 5639,placesdata-2011,2011-07-18,0.5,"seventeen years stale, verify before use"
1e-bloemdwarsstraat-2,website,http://www.paradoxcoffeeshop.com,placesdata-2011,2011-07-18,0.4,
1e-bloemdwarsstraat-2,coordinate,"52.37459,4.881147",placesdata-2011,2011-07-18,0.4,geocoded alongside a GooglePlacePage; never eligible for OSM
1e-bloemdwarsstraat-2,key_photo,PicturesOriginal/IMG_1123.JPG,photos-2009,2009-10-16,1.0,Apple iPhone 3GS
1e-bloemdwarsstraat-2,trading,true,photos-2009,2009-10-16,1.0,"photographed open; presence attested, not a claim about today"
1e-bloemdwarsstraat-2,coordinate,"52.3745,4.8815",photos-2009,2009-10-16,0.9,"own GPS, DOP 3.0, camera bearing 271.9 deg true"
1e-bloemdwarsstraat-2,photo_heading,271.9,photos-2009,2009-10-16,1.0,the shopfront lies along this bearing from the fix
haarlemmerstraat-6,name,Picaso,placesdata-2011,2011-07-18,0.7,
haarlemmerstraat-6,sort_name,Picasso,placesdata-2011,2011-07-18,0.7,
haarlemmerstraat-6,kind,coffeeshop,placesdata-2011,2011-07-18,0.8,
haarlemmerstraat-6,phone,+31 20 638 8079,placesdata-2011,2011-07-18,0.5,"seventeen years stale, verify before use"
haarlemmerstraat-6,coordinate,"52.379382,4.893973",placesdata-2011,2011-07-18,0.4,geocoded alongside a GooglePlacePage; never eligible for OSM
haarlemmerstraat-6,key_photo,PicturesOriginal/IMG_0991.JPG,photos-2009,2009-10-15,1.0,Apple iPhone 3GS
haarlemmerstraat-6,trading,true,photos-2009,2009-10-15,1.0,"photographed open; presence attested, not a claim about today"
haarlemmerstraat-6,coordinate,"52.3795,4.8936667",photos-2009,2009-10-15,0.9,"own GPS, DOP 3.0, camera bearing 293.9 deg true"
haarlemmerstraat-6,photo_heading,293.9,photos-2009,2009-10-15,1.0,the shopfront lies along this bearing from the fix
oude-hoogstraat-5,name,Pick Up The Pieces,placesdata-2011,2011-07-18,0.7,
oude-hoogstraat-5,kind,coffeeshop,placesdata-2011,2011-07-18,0.8,
oude-hoogstraat-5,phone,+31 20 626 0534,placesdata-2011,2011-07-18,0.5,"seventeen years stale, verify before use"
oude-hoogstraat-5,coordinate,"52.371507,4.897289",placesdata-2011,2011-07-18,0.4,geocoded alongside a GooglePlacePage; never eligible for OSM
oude-hoogstraat-5,key_photo,PicturesOriginal/IMG_1231.JPG,photos-2009,2009-10-16,1.0,Apple iPhone 3GS
oude-hoogstraat-5,trading,true,photos-2009,2009-10-16,1.0,"photographed open; presence attested, not a claim about today"
oude-hoogstraat-5,coordinate,"52.3715,4.897",photos-2009,2009-10-16,0.9,"own GPS, DOP 3.0, camera bearing 77.9 deg true"
oude-hoogstraat-5,photo_heading,77.9,photos-2009,2009-10-16,1.0,the shopfront lies along this bearing from the fix
3e-oosterparkstraat-73,name,The Point,placesdata-2011,2011-07-18,0.7,
3e-oosterparkstraat-73,sort_name,Point,placesdata-2011,2011-07-18,0.7,
3e-oosterparkstraat-73,kind,coffeeshop,placesdata-2011,2011-07-18,0.8,
3e-oosterparkstraat-73,phone,+31 20 693 5555,placesdata-2011,2011-07-18,0.5,"seventeen years stale, verify before use"
3e-oosterparkstraat-73,coordinate,"52.356408,4.916213",placesdata-2011,2011-07-18,0.4,geocoded alongside a GooglePlacePage; never eligible for OSM
3e-oosterparkstraat-73,key_photo,PicturesOriginal/IMG_0493.JPG,photos-2009,2009-10-13,1.0,Apple iPhone 3GS
3e-oosterparkstraat-73,trading,true,photos-2009,2009-10-13,1.0,"photographed open; presence attested, not a claim about today"
3e-oosterparkstraat-73,coordinate,"52.356,4.9161667",photos-2009,2009-10-13,0.9,"own GPS, DOP 1.0, camera bearing 25.9 deg true"
3e-oosterparkstraat-73,photo_heading,25.9,photos-2009,2009-10-13,1.0,the shopfront lies along this bearing from the fix
haarlemmerstraat-63,name,Popeye,placesdata-2011,2011-07-18,0.7,
haarlemmerstraat-63,kind,coffeeshop,placesdata-2011,2011-07-18,0.8,
haarlemmerstraat-63,phone,+31 20 320 6589,placesdata-2011,2011-07-18,0.5,"seventeen years stale, verify before use"
haarlemmerstraat-63,website,http://coffeeshop-popeye.nl,placesdata-2011,2011-07-18,0.4,
haarlemmerstraat-63,coordinate,"52.379929,4.892816",placesdata-2011,2011-07-18,0.4,geocoded alongside a GooglePlacePage; never eligible for OSM
haarlemmerstraat-63,key_photo,PicturesOriginal/IMG_0982.JPG,photos-2009,2009-10-15,1.0,Apple iPhone 3GS
haarlemmerstraat-63,trading,true,photos-2009,2009-10-15,1.0,"photographed open; presence attested, not a claim about today"
haarlemmerstraat-63,coordinate,"52.38,4.8928333",photos-2009,2009-10-15,0.6,"own GPS, camera bearing 165.9 deg true"
haarlemmerstraat-63,photo_heading,165.9,photos-2009,2009-10-15,1.0,the shopfront lies along this bearing from the fix
wibautstraat-115,name,The Power,placesdata-2011,2011-07-18,0.7,
wibautstraat-115,sort_name,Power,placesdata-2011,2011-07-18,0.7,
wibautstraat-115,kind,coffeeshop,placesdata-2011,2011-07-18,0.8,
wibautstraat-115,phone,+31 20 694 0360,placesdata-2011,2011-07-18,0.5,"seventeen years stale, verify before use"
wibautstraat-115,coordinate,"52.355784,4.911634",placesdata-2011,2011-07-18,0.4,geocoded alongside a GooglePlacePage; never eligible for OSM
wibautstraat-115,key_photo,PicturesOriginal/IMG_0489.JPG,photos-2009,2009-10-13,1.0,Apple iPhone 3GS
wibautstraat-115,trading,true,photos-2009,2009-10-13,1.0,"photographed open; presence attested, not a claim about today"
wibautstraat-115,coordinate,"52.3561667,4.9121667",photos-2009,2009-10-13,0.9,"own GPS, DOP 3.0, camera bearing 322.9 deg true"
wibautstraat-115,photo_heading,322.9,photos-2009,2009-10-13,1.0,the shopfront lies along this bearing from the fix
surinamestraat-7,name,De Prijs,placesdata-2011,2011-07-18,0.7,
surinamestraat-7,sort_name,Prijs,placesdata-2011,2011-07-18,0.7,
surinamestraat-7,kind,coffeeshop,placesdata-2011,2011-07-18,0.8,
surinamestraat-7,phone,+31 20 669 0620,placesdata-2011,2011-07-18,0.5,"seventeen years stale, verify before use"
surinamestraat-7,coordinate,"52.357888,4.853938",placesdata-2011,2011-07-18,0.4,geocoded alongside a GooglePlacePage; never eligible for OSM
surinamestraat-7,key_photo,PicturesOriginal/IMG_0755.JPG,photos-2009,2009-10-14,1.0,Apple iPhone 3GS
surinamestraat-7,trading,true,photos-2009,2009-10-14,1.0,"photographed open; presence attested, not a claim about today"
surinamestraat-7,coordinate,"52.358,4.854",photos-2009,2009-10-14,0.9,"own GPS, DOP 3.0, camera bearing 96.9 deg true"
surinamestraat-7,photo_heading,96.9,photos-2009,2009-10-14,1.0,the shopfront lies along this bearing from the fix
haringpakkerssteeg-3,name,Prix D'ami,placesdata-2011,2011-07-18,0.7,
haringpakkerssteeg-3,kind,coffeeshop,placesdata-2011,2011-07-18,0.8,
haringpakkerssteeg-3,phone,+31 20 627 1019,placesdata-2011,2011-07-18,0.5,"seventeen years stale, verify before use"
haringpakkerssteeg-3,coordinate,"52.376695,4.897228",placesdata-2011,2011-07-18,0.4,geocoded alongside a GooglePlacePage; never eligible for OSM
haringpakkerssteeg-3,key_photo,PicturesOriginal/IMG_1160.JPG,photos-2009,2009-10-16,1.0,Apple iPhone 3GS
haringpakkerssteeg-3,trading,true,photos-2009,2009-10-16,1.0,"photographed open; presence attested, not a claim about today"
haringpakkerssteeg-3,coordinate,"52.3766667,4.8978333",photos-2009,2009-10-16,0.6,"own GPS, camera bearing 325.9 deg true"
haringpakkerssteeg-3,photo_heading,325.9,photos-2009,2009-10-16,1.0,the shopfront lies along this bearing from the fix
prins-hendrikkade-6,name,Rasta Baby,placesdata-2011,2011-07-18,0.7,
prins-hendrikkade-6,kind,coffeeshop,placesdata-2011,2011-07-18,0.8,
prins-hendrikkade-6,phone,+31 20 624 7403,placesdata-2011,2011-07-18,0.5,"seventeen years stale, verify before use"
prins-hendrikkade-6,coordinate,"52.379068,4.895402",placesdata-2011,2011-07-18,0.4,geocoded alongside a GooglePlacePage; never eligible for OSM
prins-hendrikkade-6,key_photo,PicturesOriginal/IMG_0423.JPG,photos-2009,2009-10-06,1.0,Apple iPhone 3GS
prins-hendrikkade-6,trading,true,photos-2009,2009-10-06,1.0,"photographed open; presence attested, not a claim about today"
prins-hendrikkade-6,coordinate,"52.3788333,4.8951667",photos-2009,2009-10-06,0.9,"own GPS, DOP 5.0, camera bearing 152.9 deg true"
prins-hendrikkade-6,photo_heading,152.9,photos-2009,2009-10-06,1.0,the shopfront lies along this bearing from the fix
sint-antoniesbreestraat-77,name,Reefer,placesdata-2011,2011-07-18,0.7,
sint-antoniesbreestraat-77,kind,coffeeshop,placesdata-2011,2011-07-18,0.8,
sint-antoniesbreestraat-77,phone,+31 10 462 2919,placesdata-2011,2011-07-18,0.5,"seventeen years stale, verify before use"
sint-antoniesbreestraat-77,coordinate,"52.369756,4.900972",placesdata-2011,2011-07-18,0.4,geocoded alongside a GooglePlacePage; never eligible for OSM
sint-antoniesbreestraat-77,key_photo,PicturesOriginal/IMG_1009.JPG,photos-2009,2009-10-16,1.0,Apple iPhone 3GS
sint-antoniesbreestraat-77,trading,true,photos-2009,2009-10-16,1.0,"photographed open; presence attested, not a claim about today"
sint-antoniesbreestraat-77,coordinate,"52.37,4.9006667",photos-2009,2009-10-16,0.6,"own GPS, camera bearing 249.9 deg true"
sint-antoniesbreestraat-77,photo_heading,249.9,photos-2009,2009-10-16,1.0,the shopfront lies along this bearing from the fix
binnen-oranjestraat-9,name,Relax,placesdata-2011,2011-07-18,0.7,
binnen-oranjestraat-9,kind,coffeeshop,placesdata-2011,2011-07-18,0.8,
binnen-oranjestraat-9,phone,+31 20 639 1058,placesdata-2011,2011-07-18,0.5,"seventeen years stale, verify before use"
binnen-oranjestraat-9,coordinate,"52.382205,4.887202",placesdata-2011,2011-07-18,0.4,geocoded alongside a GooglePlacePage; never eligible for OSM
binnen-oranjestraat-9,key_photo,PicturesOriginal/IMG_0393.JPG,photos-2009,2009-10-06,1.0,Apple iPhone 3GS
binnen-oranjestraat-9,trading,true,photos-2009,2009-10-06,1.0,"photographed open; presence attested, not a claim about today"
binnen-oranjestraat-9,coordinate,"52.3821667,4.887",photos-2009,2009-10-06,0.6,"own GPS, camera bearing 65.9 deg true"
binnen-oranjestraat-9,photo_heading,65.9,photos-2009,2009-10-06,1.0,the shopfront lies along this bearing from the fix
2e-nassaustraat-1a,name,De Republiek,placesdata-2011,2011-07-18,0.7,
2e-nassaustraat-1a,sort_name,Republiek,placesdata-2011,2011-07-18,0.7,
2e-nassaustraat-1a,kind,coffeeshop,placesdata-2011,2011-07-18,0.8,
2e-nassaustraat-1a,phone,+31 20 682 8431,placesdata-2011,2011-07-18,0.5,"seventeen years stale, verify before use"
2e-nassaustraat-1a,website,http://coffeeshopderepubliek.nl,placesdata-2011,2011-07-18,0.4,
2e-nassaustraat-1a,coordinate,"52.382072,4.878689",placesdata-2011,2011-07-18,0.4,geocoded alongside a GooglePlacePage; never eligible for OSM
2e-nassaustraat-1a,key_photo,PicturesOriginal/IMG_0934.JPG,photos-2009,2009-10-15,1.0,Apple iPhone 3GS
2e-nassaustraat-1a,trading,true,photos-2009,2009-10-15,1.0,"photographed open; presence attested, not a claim about today"
2e-nassaustraat-1a,coordinate,"52.3821667,4.8786667",photos-2009,2009-10-15,0.9,"own GPS, DOP 3.0, camera bearing 13.9 deg true"
2e-nassaustraat-1a,photo_heading,13.9,photos-2009,2009-10-15,1.0,the shopfront lies along this bearing from the fix
hekelveld-7,name,Resin,placesdata-2011,2011-07-18,0.7,
hekelveld-7,kind,coffeeshop,placesdata-2011,2011-07-18,0.8,
hekelveld-7,phone,+31 20 422 9838,placesdata-2011,2011-07-18,0.5,"seventeen years stale, verify before use"
hekelveld-7,coordinate,"52.377767,4.895478",placesdata-2011,2011-07-18,0.4,geocoded alongside a GooglePlacePage; never eligible for OSM
hekelveld-7,key_photo,PicturesOriginal/IMG_0356.JPG,photos-2009,2009-10-06,1.0,Apple iPhone 3GS
hekelveld-7,trading,true,photos-2009,2009-10-06,1.0,"photographed open; presence attested, not a claim about today"
hekelveld-7,coordinate,"52.3776667,4.8956667",photos-2009,2009-10-06,0.9,"own GPS, DOP 3.0, camera bearing 318.9 deg true"
hekelveld-7,photo_heading,318.9,photos-2009,2009-10-06,1.0,the shopfront lies along this bearing from the fix
oudezijds-voorburgwal-250,name,Rick's,placesdata-2011,2011-07-18,0.7,
oudezijds-voorburgwal-250,kind,coffeeshop,placesdata-2011,2011-07-18,0.8,
oudezijds-voorburgwal-250,phone,+31 20 622 7915,placesdata-2011,2011-07-18,0.5,"seventeen years stale, verify before use"
oudezijds-voorburgwal-250,coordinate,"52.371733,4.895343",placesdata-2011,2011-07-18,0.4,geocoded alongside a GooglePlacePage; never eligible for OSM
oudezijds-voorburgwal-250,key_photo,PicturesOriginal/IMG_0249.JPG,photos-2009,2009-10-06,1.0,Apple iPhone 3GS
oudezijds-voorburgwal-250,trading,true,photos-2009,2009-10-06,1.0,"photographed open; presence attested, not a claim about today"
oudezijds-voorburgwal-250,coordinate,"52.3718333,4.896",photos-2009,2009-10-06,0.6,"own GPS, camera bearing 266.9 deg true"
oudezijds-voorburgwal-250,photo_heading,266.9,photos-2009,2009-10-06,1.0,the shopfront lies along this bearing from the fix
bos-en-lommerweg-163,name,Risky Business,placesdata-2011,2011-07-18,0.7,
bos-en-lommerweg-163,kind,coffeeshop,placesdata-2011,2011-07-18,0.8,
bos-en-lommerweg-163,phone,+31 20 688 0715,placesdata-2011,2011-07-18,0.5,"seventeen years stale, verify before use"
bos-en-lommerweg-163,coordinate,"52.381437,4.85594",placesdata-2011,2011-07-18,0.4,geocoded alongside a GooglePlacePage; never eligible for OSM
bos-en-lommerweg-163,key_photo,PicturesOriginal/IMG_0694.JPG,photos-2009,2009-10-14,1.0,Apple iPhone 3GS
bos-en-lommerweg-163,trading,true,photos-2009,2009-10-14,1.0,"photographed open; presence attested, not a claim about today"
bos-en-lommerweg-163,coordinate,"52.3811667,4.8553333",photos-2009,2009-10-14,0.9,"own GPS, DOP 3.0, camera bearing 169.9 deg true"
bos-en-lommerweg-163,photo_heading,169.9,photos-2009,2009-10-14,1.0,the shopfront lies along this bearing from the fix
nieuwmarkt-12,name,Rock lt,placesdata-2011,2011-07-18,0.7,
nieuwmarkt-12,kind,coffeeshop,placesdata-2011,2011-07-18,0.8,
nieuwmarkt-12,phone,+31 20 620 0617,placesdata-2011,2011-07-18,0.5,"seventeen years stale, verify before use"
nieuwmarkt-12,coordinate,"52.3728687673325,4.90000627934933",placesdata-2011,2011-07-18,0.4,geocoded alongside a GooglePlacePage; never eligible for OSM
nieuwmarkt-12,key_photo,PicturesOriginal/IMG_1022.JPG,photos-2009,2009-10-16,1.0,Apple iPhone 3GS
nieuwmarkt-12,trading,true,photos-2009,2009-10-16,1.0,"photographed open; presence attested, not a claim about today"
nieuwmarkt-12,coordinate,"52.3728333,4.9",photos-2009,2009-10-16,0.9,"own GPS, DOP 1.0, camera bearing 306.9 deg true"
nieuwmarkt-12,photo_heading,306.9,photos-2009,2009-10-16,1.0,the shopfront lies along this bearing from the fix
raadhuisstraat-8,name,Rockland,placesdata-2011,2011-07-18,0.7,
raadhuisstraat-8,kind,coffeeshop,placesdata-2011,2011-07-18,0.8,
raadhuisstraat-8,phone,+31 20 523 1000,placesdata-2011,2011-07-18,0.5,"seventeen years stale, verify before use"
raadhuisstraat-8,coordinate,"52.373342,4.888398",placesdata-2011,2011-07-18,0.4,geocoded alongside a GooglePlacePage; never eligible for OSM
raadhuisstraat-8,key_photo,PicturesOriginal/IMG_0222.JPG,photos-2009,2009-10-06,1.0,Apple iPhone 3GS
raadhuisstraat-8,trading,true,photos-2009,2009-10-06,1.0,"photographed open; presence attested, not a claim about today"
raadhuisstraat-8,coordinate,"52.373,4.8883333",photos-2009,2009-10-06,0.9,"own GPS, DOP 3.0, camera bearing 226.9 deg true"
raadhuisstraat-8,photo_heading,226.9,photos-2009,2009-10-06,1.0,the shopfront lies along this bearing from the fix
lange-leidsedwarsstraat-41,name,De Rokerij 1,placesdata-2011,2011-07-18,0.7,
lange-leidsedwarsstraat-41,sort_name,Rokerij 1,placesdata-2011,2011-07-18,0.7,
lange-leidsedwarsstraat-41,kind,coffeeshop,placesdata-2011,2011-07-18,0.8,
lange-leidsedwarsstraat-41,phone,+31 20 622 9442,placesdata-2011,2011-07-18,0.5,"seventeen years stale, verify before use"
lange-leidsedwarsstraat-41,website,http://www.rokerij.net,placesdata-2011,2011-07-18,0.4,
lange-leidsedwarsstraat-41,coordinate,"52.364096,4.884689",placesdata-2011,2011-07-18,0.4,geocoded alongside a GooglePlacePage; never eligible for OSM
lange-leidsedwarsstraat-41,key_photo,PicturesOriginal/IMG_0184.JPG,photos-2009,2009-10-06,1.0,Apple iPhone 3GS
lange-leidsedwarsstraat-41,trading,true,photos-2009,2009-10-06,1.0,"photographed open; presence attested, not a claim about today"
lange-leidsedwarsstraat-41,coordinate,"52.3643333,4.8846667",photos-2009,2009-10-06,0.9,"own GPS, DOP 5.0, camera bearing 334.9 deg true"
lange-leidsedwarsstraat-41,photo_heading,334.9,photos-2009,2009-10-06,1.0,the shopfront lies along this bearing from the fix
singel-8,name,De Rokerij 2,placesdata-2011,2011-07-18,0.7,
singel-8,sort_name,Rokerij 2,placesdata-2011,2011-07-18,0.7,
singel-8,kind,coffeeshop,placesdata-2011,2011-07-18,0.8,
singel-8,phone,+31 20 626 3060,placesdata-2011,2011-07-18,0.5,"seventeen years stale, verify before use"
singel-8,coordinate,"52.379142,4.893971",placesdata-2011,2011-07-18,0.4,geocoded alongside a GooglePlacePage; never eligible for OSM
singel-8,key_photo,PicturesOriginal/IMG_0370.JPG,photos-2009,2009-10-06,1.0,Apple iPhone 3GS
singel-8,trading,true,photos-2009,2009-10-06,1.0,"photographed open; presence attested, not a claim about today"
singel-8,coordinate,"52.379,4.8945",photos-2009,2009-10-06,0.6,"own GPS, camera bearing 283.9 deg true"
singel-8,photo_heading,283.9,photos-2009,2009-10-06,1.0,the shopfront lies along this bearing from the fix
elandsgracht-53,name,De Rokerij 3,placesdata-2011,2011-07-18,0.7,
elandsgracht-53,sort_name,Rokerij 3,placesdata-2011,2011-07-18,0.7,
elandsgracht-53,kind,coffeeshop,placesdata-2011,2011-07-18,0.8,
elandsgracht-53,phone,+31 20 626 3060,placesdata-2011,2011-07-18,0.5,"seventeen years stale, verify before use"
elandsgracht-53,coordinate,"52.369372,4.880575",placesdata-2011,2011-07-18,0.4,geocoded alongside a GooglePlacePage; never eligible for OSM
elandsgracht-53,key_photo,PicturesOriginal/IMG_0196.JPG,photos-2009,2009-10-06,1.0,Apple iPhone 3GS
elandsgracht-53,trading,true,photos-2009,2009-10-06,1.0,"photographed open; presence attested, not a claim about today"
elandsgracht-53,coordinate,"52.3695,4.88",photos-2009,2009-10-06,0.6,"own GPS, DOP 10.0, camera bearing 123.9 deg true"
elandsgracht-53,photo_heading,123.9,photos-2009,2009-10-06,1.0,the shopfront lies along this bearing from the fix
amstel-8,name,De Rokerij 4,placesdata-2011,2011-07-18,0.7,
amstel-8,sort_name,Rokerij 4,placesdata-2011,2011-07-18,0.7,
amstel-8,kind,coffeeshop,placesdata-2011,2011-07-18,0.8,
amstel-8,phone,+31 20 620 0484,placesdata-2011,2011-07-18,0.5,"seventeen years stale, verify before use"
amstel-8,coordinate,"52.366944,4.894227",placesdata-2011,2011-07-18,0.4,geocoded alongside a GooglePlacePage; never eligible for OSM
amstel-8,key_photo,PicturesOriginal/IMG_0146.JPG,photos-2009,2009-10-06,1.0,Apple iPhone 3GS
amstel-8,trading,true,photos-2009,2009-10-06,1.0,"photographed open; presence attested, not a claim about today"
amstel-8,coordinate,"52.3671667,4.8941667",photos-2009,2009-10-06,0.9,"own GPS, DOP 3.0, camera bearing 154.9 deg true"
amstel-8,photo_heading,154.9,photos-2009,2009-10-06,1.0,the shopfront lies along this bearing from the fix
korte-leidsedwarsstraat-145,name,The Rookies,placesdata-2011,2011-07-18,0.7,
korte-leidsedwarsstraat-145,sort_name,Rookies,placesdata-2011,2011-07-18,0.7,
korte-leidsedwarsstraat-145,kind,coffeeshop,placesdata-2011,2011-07-18,0.8,
korte-leidsedwarsstraat-145,phone,+31 20 639 0978,placesdata-2011,2011-07-18,0.5,"seventeen years stale, verify before use"
korte-leidsedwarsstraat-145,website,http://rookies.nl,placesdata-2011,2011-07-18,0.4,
korte-leidsedwarsstraat-145,coordinate,"52.363006,4.88537",placesdata-2011,2011-07-18,0.4,geocoded alongside a GooglePlacePage; never eligible for OSM
korte-leidsedwarsstraat-145,key_photo,PicturesOriginal/IMG_0871.JPG,photos-2009,2009-10-15,1.0,Apple iPhone 3GS
korte-leidsedwarsstraat-145,trading,true,photos-2009,2009-10-15,1.0,"photographed open; presence attested, not a claim about today"
korte-leidsedwarsstraat-145,coordinate,"52.3631667,4.8855",photos-2009,2009-10-15,0.9,"own GPS, DOP 3.0, camera bearing 328.9 deg true"
korte-leidsedwarsstraat-145,photo_heading,328.9,photos-2009,2009-10-15,1.0,the shopfront lies along this bearing from the fix
warmoesstraat-77,name,Route 66,placesdata-2011,2011-07-18,0.7,
warmoesstraat-77,kind,coffeeshop,placesdata-2011,2011-07-18,0.8,
warmoesstraat-77,phone,+31 20 622 0695,placesdata-2011,2011-07-18,0.5,"seventeen years stale, verify before use"
warmoesstraat-77,coordinate,"52.374873,4.897709",placesdata-2011,2011-07-18,0.4,geocoded alongside a GooglePlacePage; never eligible for OSM
warmoesstraat-77,key_photo,PicturesOriginal/IMG_0006.JPG,photos-2009,2009-10-04,1.0,Apple iPhone 3GS
warmoesstraat-77,trading,true,photos-2009,2009-10-04,1.0,"photographed open; presence attested, not a claim about today"
warmoesstraat-77,coordinate,"52.3746667,4.8971667",photos-2009,2009-10-04,0.6,"own GPS, camera bearing 99.9 deg true"
warmoesstraat-77,photo_heading,99.9,photos-2009,2009-10-04,1.0,the shopfront lies along this bearing from the fix
haringpakkerssteeg-8,name,Route 99,placesdata-2011,2011-07-18,0.7,
haringpakkerssteeg-8,kind,coffeeshop,placesdata-2011,2011-07-18,0.8,
haringpakkerssteeg-8,phone,+31 20 627 9134,placesdata-2011,2011-07-18,0.5,"seventeen years stale, verify before use"
haringpakkerssteeg-8,coordinate,"52.376831,4.897348",placesdata-2011,2011-07-18,0.4,geocoded alongside a GooglePlacePage; never eligible for OSM
haringpakkerssteeg-8,key_photo,PicturesOriginal/IMG_1156.JPG,photos-2009,2009-10-16,1.0,Apple iPhone 3GS
haringpakkerssteeg-8,trading,true,photos-2009,2009-10-16,1.0,"photographed open; presence attested, not a claim about today"
haringpakkerssteeg-8,coordinate,"52.3766667,4.8978333",photos-2009,2009-10-16,0.6,"own GPS, camera bearing 348.9 deg true"
haringpakkerssteeg-8,photo_heading,348.9,photos-2009,2009-10-16,1.0,the shopfront lies along this bearing from the fix
gerard-doustraat-188,name,Roxy,placesdata-2011,2011-07-18,0.7,
gerard-doustraat-188,kind,coffeeshop,placesdata-2011,2011-07-18,0.8,
gerard-doustraat-188,phone,+31 6 49 75 33 82,placesdata-2011,2011-07-18,0.5,"seventeen years stale, verify before use"
gerard-doustraat-188,coordinate,"52.356444,4.89583",placesdata-2011,2011-07-18,0.4,geocoded alongside a GooglePlacePage; never eligible for OSM
gerard-doustraat-188,key_photo,PicturesOriginal/IMG_0595.JPG,photos-2009,2009-10-13,1.0,Apple iPhone 3GS
gerard-doustraat-188,trading,true,photos-2009,2009-10-13,1.0,"photographed open; presence attested, not a claim about today"
gerard-doustraat-188,coordinate,"52.3566667,4.8958333",photos-2009,2009-10-13,0.9,"own GPS, DOP 3.0, camera bearing 188.9 deg true"
gerard-doustraat-188,photo_heading,188.9,photos-2009,2009-10-13,1.0,the shopfront lies along this bearing from the fix
rusland-16,name,Rusland,placesdata-2011,2011-07-18,0.7,
rusland-16,kind,coffeeshop,placesdata-2011,2011-07-18,0.8,
rusland-16,phone,+31 20 624 9468,placesdata-2011,2011-07-18,0.5,"seventeen years stale, verify before use"
rusland-16,website,http://www.tisfris.nl,placesdata-2011,2011-07-18,0.4,
rusland-16,coordinate,"52.369897,4.896641",placesdata-2011,2011-07-18,0.4,geocoded alongside a GooglePlacePage; never eligible for OSM
rusland-16,key_photo,PicturesOriginal/IMG_1049.JPG,photos-2009,2009-10-16,1.0,Apple iPhone 3GS
rusland-16,trading,true,photos-2009,2009-10-16,1.0,"photographed open; presence attested, not a claim about today"
rusland-16,coordinate,"52.37,4.8961667",photos-2009,2009-10-16,0.9,"own GPS, DOP 3.0, camera bearing 199.9 deg true"
rusland-16,photo_heading,199.9,photos-2009,2009-10-16,1.0,the shopfront lies along this bearing from the fix
hoofdweg-174,name,Ruthless,placesdata-2011,2011-07-18,0.7,
hoofdweg-174,kind,coffeeshop,placesdata-2011,2011-07-18,0.8,
hoofdweg-174,phone,+31 20 412 3057,placesdata-2011,2011-07-18,0.5,"seventeen years stale, verify before use"
hoofdweg-174,coordinate,"52.365466,4.853331",placesdata-2011,2011-07-18,0.4,geocoded alongside a GooglePlacePage; never eligible for OSM
hoofdweg-174,key_photo,PicturesOriginal/IMG_0741.JPG,photos-2009,2009-10-14,1.0,Apple iPhone 3GS
hoofdweg-174,trading,true,photos-2009,2009-10-14,1.0,"photographed open; presence attested, not a claim about today"
hoofdweg-174,coordinate,"52.3655,4.8531667",photos-2009,2009-10-14,0.9,"own GPS, DOP 3.0, camera bearing 140.9 deg true"
hoofdweg-174,photo_heading,140.9,photos-2009,2009-10-14,1.0,the shopfront lies along this bearing from the fix
regulierssteeg-2,name,The Saint,placesdata-2011,2011-07-18,0.7,
regulierssteeg-2,sort_name,Saint,placesdata-2011,2011-07-18,0.7,
regulierssteeg-2,kind,coffeeshop,placesdata-2011,2011-07-18,0.8,
regulierssteeg-2,phone,+31 6 44 14 53 29,placesdata-2011,2011-07-18,0.5,"seventeen years stale, verify before use"
regulierssteeg-2,coordinate,"52.366887,4.894903",placesdata-2011,2011-07-18,0.4,geocoded alongside a GooglePlacePage; never eligible for OSM
regulierssteeg-2,key_photo,PicturesOriginal/IMG_0142.JPG,photos-2009,2009-10-06,1.0,Apple iPhone 3GS
regulierssteeg-2,trading,true,photos-2009,2009-10-06,1.0,"photographed open; presence attested, not a claim about today"
regulierssteeg-2,coordinate,"52.367,4.8951667",photos-2009,2009-10-06,0.9,"own GPS, DOP 3.0, camera bearing 110.9 deg true"
regulierssteeg-2,photo_heading,110.9,photos-2009,2009-10-06,1.0,the shopfront lies along this bearing from the fix
2e-laurierdwarsstraat-44,name,Sanementereng,placesdata-2011,2011-07-18,0.7,
2e-laurierdwarsstraat-44,also_known_as,K. Marong,placesdata-2011,2011-07-18,0.6,
2e-laurierdwarsstraat-44,kind,coffeeshop,placesdata-2011,2011-07-18,0.8,
2e-laurierdwarsstraat-44,phone,+31 20 624 1907,placesdata-2011,2011-07-18,0.5,"seventeen years stale, verify before use"
2e-laurierdwarsstraat-44,coordinate,"52.371777,4.879059",placesdata-2011,2011-07-18,0.4,geocoded alongside a GooglePlacePage; never eligible for OSM
2e-laurierdwarsstraat-44,key_photo,PicturesOriginal/IMG_1102.JPG,photos-2009,2009-10-16,1.0,Apple iPhone 3GS
2e-laurierdwarsstraat-44,trading,true,photos-2009,2009-10-16,1.0,"photographed open; presence attested, not a claim about today"
2e-laurierdwarsstraat-44,coordinate,"52.3716667,4.8791667",photos-2009,2009-10-16,0.9,"own GPS, DOP 3.0, camera bearing 303.9 deg true"
2e-laurierdwarsstraat-44,photo_heading,303.9,photos-2009,2009-10-16,1.0,the shopfront lies along this bearing from the fix
gillis-van-ledenberchstraat-135,name,Sensemillia 1,placesdata-2011,2011-07-18,0.7,
gillis-van-ledenberchstraat-135,kind,coffeeshop,placesdata-2011,2011-07-18,0.8,
gillis-van-ledenberchstraat-135,phone,+31 20 686 5144,placesdata-2011,2011-07-18,0.5,"seventeen years stale, verify before use"
gillis-van-ledenberchstraat-135,coordinate,"52.375181,4.871417",placesdata-2011,2011-07-18,0.4,geocoded alongside a GooglePlacePage; never eligible for OSM
gillis-van-ledenberchstraat-135,key_photo,PicturesOriginal/IMG_0909.JPG,photos-2009,2009-10-15,1.0,Apple iPhone 3GS
gillis-van-ledenberchstraat-135,trading,true,photos-2009,2009-10-15,1.0,"photographed open; presence attested, not a claim about today"
gillis-van-ledenberchstraat-135,coordinate,"52.3751667,4.8711667",photos-2009,2009-10-15,0.9,"own GPS, DOP 1.0, camera bearing 338.9 deg true"
gillis-van-ledenberchstraat-135,photo_heading,338.9,photos-2009,2009-10-15,1.0,the shopfront lies along this bearing from the fix
meer-en-vaart-177b,name,Sensemillia 2,placesdata-2011,2011-07-18,0.7,
meer-en-vaart-177b,kind,coffeeshop,placesdata-2011,2011-07-18,0.8,
meer-en-vaart-177b,phone,+31 20 619 8846,placesdata-2011,2011-07-18,0.5,"seventeen years stale, verify before use"
meer-en-vaart-177b,coordinate,"52.360354,4.807456",placesdata-2011,2011-07-18,0.4,geocoded alongside a GooglePlacePage; never eligible for OSM
meer-en-vaart-177b,key_photo,PicturesOriginal/IMG_0679.JPG,photos-2009,2009-10-14,1.0,Apple iPhone 3GS
meer-en-vaart-177b,trading,true,photos-2009,2009-10-14,1.0,"photographed open; presence attested, not a claim about today"
meer-en-vaart-177b,coordinate,"52.3601667,4.8076667",photos-2009,2009-10-14,0.9,"own GPS, DOP 1.0, camera bearing 303.9 deg true"
meer-en-vaart-177b,photo_heading,303.9,photos-2009,2009-10-14,1.0,the shopfront lies along this bearing from the fix
utrechtsestraat-14,name,Sevilla,placesdata-2011,2011-07-18,0.7,
utrechtsestraat-14,kind,coffeeshop,placesdata-2011,2011-07-18,0.8,
utrechtsestraat-14,phone,+31 20 624 4820,placesdata-2011,2011-07-18,0.5,"seventeen years stale, verify before use"
utrechtsestraat-14,coordinate,"52.365461,4.897495",placesdata-2011,2011-07-18,0.4,geocoded alongside a GooglePlacePage; never eligible for OSM
utrechtsestraat-14,key_photo,PicturesOriginal/IMG_0836.JPG,photos-2009,2009-10-15,1.0,Apple iPhone 3GS
utrechtsestraat-14,trading,true,photos-2009,2009-10-15,1.0,"photographed open; presence attested, not a claim about today"
utrechtsestraat-14,coordinate,"52.3648333,4.8975",photos-2009,2009-10-15,0.9,"own GPS, DOP 3.0, camera bearing 218.9 deg true"
utrechtsestraat-14,photo_heading,218.9,photos-2009,2009-10-15,1.0,the shopfront lies along this bearing from the fix
warmoesstraat-73,name,Sheeba,placesdata-2011,2011-07-18,0.7,
warmoesstraat-73,kind,coffeeshop,placesdata-2011,2011-07-18,0.8,
warmoesstraat-73,phone,+31 20 624 0357,placesdata-2011,2011-07-18,0.5,"seventeen years stale, verify before use"
warmoesstraat-73,coordinate,"52.374932,4.897819",placesdata-2011,2011-07-18,0.4,geocoded alongside a GooglePlacePage; never eligible for OSM
warmoesstraat-73,key_photo,PicturesOriginal/IMG_0008.JPG,photos-2009,2009-10-04,1.0,Apple iPhone 3GS
warmoesstraat-73,trading,true,photos-2009,2009-10-04,1.0,"photographed open; presence attested, not a claim about today"
warmoesstraat-73,coordinate,"52.375,4.8973333",photos-2009,2009-10-04,0.9,"own GPS, DOP 3.0, camera bearing 102.9 deg true"
warmoesstraat-73,photo_heading,102.9,photos-2009,2009-10-04,1.0,the shopfront lies along this bearing from the fix
brouwersgracht-11,name,Siberië,placesdata-2011,2011-07-18,0.7,
brouwersgracht-11,kind,coffeeshop,placesdata-2011,2011-07-18,0.8,
brouwersgracht-11,phone,+31 20 623 5909,placesdata-2011,2011-07-18,0.5,"seventeen years stale, verify before use"
brouwersgracht-11,coordinate,"52.378803,4.893069",placesdata-2011,2011-07-18,0.4,geocoded alongside a GooglePlacePage; never eligible for OSM
brouwersgracht-11,key_photo,PicturesOriginal/IMG_0995.JPG,photos-2009,2009-10-15,1.0,Apple iPhone 3GS
brouwersgracht-11,trading,true,photos-2009,2009-10-15,1.0,"photographed open; presence attested, not a claim about today"
brouwersgracht-11,coordinate,"52.379,4.8931667",photos-2009,2009-10-15,0.9,"own GPS, DOP 3.0, camera bearing 253.9 deg true"
brouwersgracht-11,photo_heading,253.9,photos-2009,2009-10-15,1.0,the shopfront lies along this bearing from the fix
hoofdweg-226,name,Sinbad,placesdata-2011,2011-07-18,0.7,
hoofdweg-226,kind,coffeeshop,placesdata-2011,2011-07-18,0.8,
hoofdweg-226,phone,+31 20 685 4995,placesdata-2011,2011-07-18,0.5,"seventeen years stale, verify before use"
hoofdweg-226,coordinate,"52.366903,4.852788",placesdata-2011,2011-07-18,0.4,geocoded alongside a GooglePlacePage; never eligible for OSM
hoofdweg-226,key_photo,PicturesOriginal/IMG_0738.JPG,photos-2009,2009-10-14,1.0,Apple iPhone 3GS
hoofdweg-226,trading,true,photos-2009,2009-10-14,1.0,"photographed open; presence attested, not a claim about today"
hoofdweg-226,coordinate,"52.3668333,4.8526667",photos-2009,2009-10-14,0.9,"own GPS, DOP 3.0, camera bearing 96.9 deg true"
hoofdweg-226,photo_heading,96.9,photos-2009,2009-10-14,1.0,the shopfront lies along this bearing from the fix
rembrandtplein-24,name,Smokey,placesdata-2011,2011-07-18,0.7,
rembrandtplein-24,kind,coffeeshop,placesdata-2011,2011-07-18,0.8,
rembrandtplein-24,coordinate,"52.365631,4.896376",placesdata-2011,2011-07-18,0.4,geocoded alongside a GooglePlacePage; never eligible for OSM
rembrandtplein-24,key_photo,PicturesOriginal/IMG_0862.JPG,photos-2009,2009-10-15,1.0,Apple iPhone 3GS
rembrandtplein-24,trading,true,photos-2009,2009-10-15,1.0,"photographed open; presence attested, not a claim about today"
rembrandtplein-24,coordinate,"52.3658333,4.8963333",photos-2009,2009-10-15,0.9,"own GPS, DOP 3.0, camera bearing 127.9 deg true"
rembrandtplein-24,photo_heading,127.9,photos-2009,2009-10-15,1.0,the shopfront lies along this bearing from the fix
gravenstraat-5,name,Soft Temple,placesdata-2011,2011-07-18,0.7,
gravenstraat-5,kind,coffeeshop,placesdata-2011,2011-07-18,0.8,
gravenstraat-5,phone,+31 20 622 9140,placesdata-2011,2011-07-18,0.5,"seventeen years stale, verify before use"
gravenstraat-5,coordinate,"52.374145,4.89295",placesdata-2011,2011-07-18,0.4,geocoded alongside a GooglePlacePage; never eligible for OSM
gravenstraat-5,key_photo,PicturesOriginal/IMG_1189.JPG,photos-2009,2009-10-16,1.0,Apple iPhone 3GS
gravenstraat-5,trading,true,photos-2009,2009-10-16,1.0,"photographed open; presence attested, not a claim about today"
gravenstraat-5,coordinate,"52.3741667,4.8933333",photos-2009,2009-10-16,0.9,"own GPS, DOP 5.0, camera bearing 225.9 deg true"
gravenstraat-5,photo_heading,225.9,photos-2009,2009-10-16,1.0,the shopfront lies along this bearing from the fix
spuistraat-222,name,Softland 1,placesdata-2011,2011-07-18,0.7,
spuistraat-222,kind,coffeeshop,placesdata-2011,2011-07-18,0.8,
spuistraat-222,phone,+31 20 420 9799,placesdata-2011,2011-07-18,0.5,"seventeen years stale, verify before use"
spuistraat-222,coordinate,"52.371427,4.889164",placesdata-2011,2011-07-18,0.4,geocoded alongside a GooglePlacePage; never eligible for OSM
spuistraat-222,key_photo,PicturesOriginal/IMG_0228.JPG,photos-2009,2009-10-06,1.0,Apple iPhone 3GS
spuistraat-222,trading,true,photos-2009,2009-10-06,1.0,"photographed open; presence attested, not a claim about today"
spuistraat-222,coordinate,"52.3716667,4.8893333",photos-2009,2009-10-06,0.6,"own GPS, camera bearing 160.9 deg true"
spuistraat-222,photo_heading,160.9,photos-2009,2009-10-06,1.0,the shopfront lies along this bearing from the fix
marnixstraat-333,name,Softland 2,placesdata-2011,2011-07-18,0.7,
marnixstraat-333,also_known_as,Funky Munkey,placesdata-2011,2011-07-18,0.6,
marnixstraat-333,kind,coffeeshop,placesdata-2011,2011-07-18,0.8,
marnixstraat-333,phone,+31 20 421 3678,placesdata-2011,2011-07-18,0.5,"seventeen years stale, verify before use"
marnixstraat-333,coordinate,"52.372809,4.876174",placesdata-2011,2011-07-18,0.4,geocoded alongside a GooglePlacePage; never eligible for OSM
marnixstraat-333,key_photo,PicturesOriginal/IMG_0204.JPG,photos-2009,2009-10-06,1.0,Apple iPhone 3GS
marnixstraat-333,trading,true,photos-2009,2009-10-06,1.0,"photographed open; presence attested, not a claim about today"
marnixstraat-333,coordinate,"52.3726667,4.8758333",photos-2009,2009-10-06,0.9,"own GPS, DOP 3.0, camera bearing 159.9 deg true"
marnixstraat-333,photo_heading,159.9,photos-2009,2009-10-06,1.0,the shopfront lies along this bearing from the fix
dusartstraat-22,name,Space Mountain,placesdata-2011,2011-07-18,0.7,
dusartstraat-22,kind,coffeeshop,placesdata-2011,2011-07-18,0.8,
dusartstraat-22,phone,+31 20 471 2331,placesdata-2011,2011-07-18,0.5,"seventeen years stale, verify before use"
dusartstraat-22,coordinate,"52.352167,4.889333",placesdata-2011,2011-07-18,0.4,geocoded alongside a GooglePlacePage; never eligible for OSM
dusartstraat-22,key_photo,PicturesOriginal/IMG_0550.JPG,photos-2009,2009-10-13,1.0,Apple iPhone 3GS
dusartstraat-22,trading,true,photos-2009,2009-10-13,1.0,"photographed open; presence attested, not a claim about today"
dusartstraat-22,coordinate,"52.3521667,4.8893333",photos-2009,2009-10-13,0.9,"own GPS, DOP 1.0, camera bearing 127.9 deg true"
dusartstraat-22,photo_heading,127.9,photos-2009,2009-10-13,1.0,the shopfront lies along this bearing from the fix
oudebrugsteeg-4,name,Speak Easy,placesdata-2011,2011-07-18,0.7,
oudebrugsteeg-4,kind,coffeeshop,placesdata-2011,2011-07-18,0.8,
oudebrugsteeg-4,phone,+31 20 624 7621,placesdata-2011,2011-07-18,0.5,"seventeen years stale, verify before use"
oudebrugsteeg-4,coordinate,"52.375269,4.897816",placesdata-2011,2011-07-18,0.4,geocoded alongside a GooglePlacePage; never eligible for OSM
oudebrugsteeg-4,key_photo,PicturesOriginal/IMG_1261.JPG,photos-2009,2009-10-16,1.0,Apple iPhone 3GS
oudebrugsteeg-4,trading,true,photos-2009,2009-10-16,1.0,"photographed open; presence attested, not a claim about today"
oudebrugsteeg-4,coordinate,"52.3753333,4.898",photos-2009,2009-10-16,0.9,"own GPS, DOP 5.0, camera bearing 70.9 deg true"
oudebrugsteeg-4,photo_heading,70.9,photos-2009,2009-10-16,1.0,the shopfront lies along this bearing from the fix
westerstraat-121,name,The Spirit,placesdata-2011,2011-07-18,0.7,
westerstraat-121,sort_name,Spirit,placesdata-2011,2011-07-18,0.7,
westerstraat-121,kind,coffeeshop,placesdata-2011,2011-07-18,0.8,
westerstraat-121,phone,+31 20 625 4650,placesdata-2011,2011-07-18,0.5,"seventeen years stale, verify before use"
westerstraat-121,coordinate,"52.378098,4.882967",placesdata-2011,2011-07-18,0.4,geocoded alongside a GooglePlacePage; never eligible for OSM
westerstraat-121,key_photo,PicturesOriginal/IMG_1132.JPG,photos-2009,2009-10-16,1.0,Apple iPhone 3GS
westerstraat-121,trading,true,photos-2009,2009-10-16,1.0,"photographed open; presence attested, not a claim about today"
westerstraat-121,coordinate,"52.3783333,4.883",photos-2009,2009-10-16,0.9,"own GPS, DOP 1.0, camera bearing 159.9 deg true"
westerstraat-121,photo_heading,159.9,photos-2009,2009-10-16,1.0,the shopfront lies along this bearing from the fix
utrechtsestraat-21,name,Stix 1,placesdata-2011,2011-07-18,0.7,
utrechtsestraat-21,kind,coffeeshop,placesdata-2011,2011-07-18,0.8,
utrechtsestraat-21,phone,+31 1 72 74 28 17,placesdata-2011,2011-07-18,0.5,"seventeen years stale, verify before use"
utrechtsestraat-21,coordinate,"52.364833,4.898102",placesdata-2011,2011-07-18,0.4,geocoded alongside a GooglePlacePage; never eligible for OSM
utrechtsestraat-21,key_photo,PicturesOriginal/IMG_0841.JPG,photos-2009,2009-10-15,1.0,Apple iPhone 3GS
utrechtsestraat-21,trading,true,photos-2009,2009-10-15,1.0,"photographed open; presence attested, not a claim about today"
utrechtsestraat-21,coordinate,"52.3653333,4.8981667",photos-2009,2009-10-15,0.6,"own GPS, camera bearing 172.9 deg true"
utrechtsestraat-21,photo_heading,172.9,photos-2009,2009-10-15,1.0,the shopfront lies along this bearing from the fix
korte-koningsstraat-2,name,Stix 2,placesdata-2011,2011-07-18,0.7,
korte-koningsstraat-2,kind,coffeeshop,placesdata-2011,2011-07-18,0.8,
korte-koningsstraat-2,phone,+31 20 420 0428,placesdata-2011,2011-07-18,0.5,"seventeen years stale, verify before use"
korte-koningsstraat-2,coordinate,"52.371866,4.902633",placesdata-2011,2011-07-18,0.4,geocoded alongside a GooglePlacePage; never eligible for OSM
korte-koningsstraat-2,key_photo,PicturesOriginal/IMG_1012.JPG,photos-2009,2009-10-16,1.0,Apple iPhone 3GS
korte-koningsstraat-2,trading,true,photos-2009,2009-10-16,1.0,"photographed open; presence attested, not a claim about today"
korte-koningsstraat-2,coordinate,"52.372,4.9026667",photos-2009,2009-10-16,0.9,"own GPS, DOP 3.0, camera bearing 83.9 deg true"
korte-koningsstraat-2,photo_heading,83.9,photos-2009,2009-10-16,1.0,the shopfront lies along this bearing from the fix
warmoesstraat-59,name,Stone's Corner,placesdata-2011,2011-07-18,0.7,
warmoesstraat-59,kind,coffeeshop,placesdata-2011,2011-07-18,0.8,
warmoesstraat-59,phone,+31 20 624 5588,placesdata-2011,2011-07-18,0.5,"seventeen years stale, verify before use"
warmoesstraat-59,coordinate,"52.375253,4.898107",placesdata-2011,2011-07-18,0.4,geocoded alongside a GooglePlacePage; never eligible for OSM
warmoesstraat-59,key_photo,PicturesOriginal/IMG_0004.JPG,photos-2009,2009-10-04,1.0,Apple iPhone 3GS
warmoesstraat-59,trading,true,photos-2009,2009-10-04,1.0,"photographed open; presence attested, not a claim about today"
warmoesstraat-59,coordinate,"52.3748333,4.8968333",photos-2009,2009-10-04,0.9,"own GPS, DOP 3.0, camera bearing 89.9 deg true"
warmoesstraat-59,photo_heading,89.9,photos-2009,2009-10-04,1.0,the shopfront lies along this bearing from the fix
niasstraat-31,name,The Stud,placesdata-2011,2011-07-18,0.7,
niasstraat-31,sort_name,Stud,placesdata-2011,2011-07-18,0.7,
niasstraat-31,kind,coffeeshop,placesdata-2011,2011-07-18,0.8,
niasstraat-31,phone,+31 20 694 0983,placesdata-2011,2011-07-18,0.5,"seventeen years stale, verify before use"
niasstraat-31,coordinate,"52.365158,4.941055",placesdata-2011,2011-07-18,0.4,geocoded alongside a GooglePlacePage; never eligible for OSM
niasstraat-31,key_photo,PicturesOriginal/IMG_0457.JPG,photos-2009,2009-10-13,1.0,Apple iPhone 3GS
niasstraat-31,trading,true,photos-2009,2009-10-13,1.0,"photographed open; presence attested, not a claim about today"
niasstraat-31,coordinate,"52.365,4.9415",photos-2009,2009-10-13,0.9,"own GPS, DOP 1.0, camera bearing 310.9 deg true"
niasstraat-31,photo_heading,310.9,photos-2009,2009-10-13,1.0,the shopfront lies along this bearing from the fix
frederik-hendrikstraat-69,name,De Supermarkt,placesdata-2011,2011-07-18,0.7,
frederik-hendrikstraat-69,sort_name,Supermarkt,placesdata-2011,2011-07-18,0.7,
frederik-hendrikstraat-69,kind,coffeeshop,placesdata-2011,2011-07-18,0.8,
frederik-hendrikstraat-69,phone,+31 20 486 2497,placesdata-2011,2011-07-18,0.5,"seventeen years stale, verify before use"
frederik-hendrikstraat-69,website,http://coffeeshopdesupermarkt.nl,placesdata-2011,2011-07-18,0.4,
frederik-hendrikstraat-69,coordinate,"52.375745,4.873789",placesdata-2011,2011-07-18,0.4,geocoded alongside a GooglePlacePage; never eligible for OSM
frederik-hendrikstraat-69,key_photo,PicturesOriginal/IMG_0916.JPG,photos-2009,2009-10-15,1.0,Apple iPhone 3GS
frederik-hendrikstraat-69,trading,true,photos-2009,2009-10-15,1.0,"photographed open; presence attested, not a claim about today"
frederik-hendrikstraat-69,coordinate,"52.3758333,4.8735",photos-2009,2009-10-15,0.9,"own GPS, DOP 3.0, camera bearing 48.9 deg true"
frederik-hendrikstraat-69,photo_heading,48.9,photos-2009,2009-10-15,1.0,the shopfront lies along this bearing from the fix
admiraal-de-ruijterweg-104,name,Terminator,placesdata-2011,2011-07-18,0.7,
admiraal-de-ruijterweg-104,kind,coffeeshop,placesdata-2011,2011-07-18,0.8,
admiraal-de-ruijterweg-104,phone,+31 20 616 9558,placesdata-2011,2011-07-18,0.5,"seventeen years stale, verify before use"
admiraal-de-ruijterweg-104,coordinate,"52.372674,4.859494",placesdata-2011,2011-07-18,0.4,geocoded alongside a GooglePlacePage; never eligible for OSM
admiraal-de-ruijterweg-104,key_photo,PicturesOriginal/IMG_0710.JPG,photos-2009,2009-10-14,1.0,Apple iPhone 3GS
admiraal-de-ruijterweg-104,trading,true,photos-2009,2009-10-14,1.0,"photographed open; presence attested, not a claim about today"
admiraal-de-ruijterweg-104,coordinate,"52.3726667,4.8595",photos-2009,2009-10-14,0.9,"own GPS, DOP 3.0, camera bearing 110.9 deg true"
admiraal-de-ruijterweg-104,photo_heading,110.9,photos-2009,2009-10-14,1.0,the shopfront lies along this bearing from the fix
prinsengracht-312,name,La Tertulia,placesdata-2011,2011-07-18,0.7,
prinsengracht-312,sort_name,Tertulia,placesdata-2011,2011-07-18,0.7,
prinsengracht-312,kind,coffeeshop,placesdata-2011,2011-07-18,0.8,
prinsengracht-312,phone,+31 20 623 8503,placesdata-2011,2011-07-18,0.5,"seventeen years stale, verify before use"
prinsengracht-312,website,http://www.coffeeshopamsterdam.com,placesdata-2011,2011-07-18,0.4,
prinsengracht-312,coordinate,"52.369492,4.882278",placesdata-2011,2011-07-18,0.4,geocoded alongside a GooglePlacePage; never eligible for OSM
prinsengracht-312,key_photo,PicturesOriginal/IMG_1091.JPG,photos-2009,2009-10-16,1.0,Apple iPhone 3GS
prinsengracht-312,trading,true,photos-2009,2009-10-16,1.0,"photographed open; presence attested, not a claim about today"
prinsengracht-312,coordinate,"52.3695,4.8826667",photos-2009,2009-10-16,0.9,"own GPS, DOP 3.0, camera bearing 242.9 deg true"
prinsengracht-312,photo_heading,242.9,photos-2009,2009-10-16,1.0,the shopfront lies along this bearing from the fix
dusartstraat-14,name,Today,placesdata-2011,2011-07-18,0.7,
dusartstraat-14,kind,coffeeshop,placesdata-2011,2011-07-18,0.8,
dusartstraat-14,phone,+31 20 675 3688,placesdata-2011,2011-07-18,0.5,"seventeen years stale, verify before use"
dusartstraat-14,coordinate,"52.352652,4.888885",placesdata-2011,2011-07-18,0.4,geocoded alongside a GooglePlacePage; never eligible for OSM
dusartstraat-14,key_photo,PicturesOriginal/IMG_0556.JPG,photos-2009,2009-10-13,1.0,Apple iPhone 3GS
dusartstraat-14,trading,true,photos-2009,2009-10-13,1.0,"photographed open; presence attested, not a claim about today"
dusartstraat-14,coordinate,"52.3526667,4.889",photos-2009,2009-10-13,0.9,"own GPS, DOP 3.0, camera bearing 298.9 deg true"
dusartstraat-14,photo_heading,298.9,photos-2009,2009-10-13,1.0,the shopfront lies along this bearing from the fix
prinsengracht-480,name,Tops,placesdata-2011,2011-07-18,0.7,
prinsengracht-480,kind,coffeeshop,placesdata-2011,2011-07-18,0.8,
prinsengracht-480,phone,+31 20 638 4108,placesdata-2011,2011-07-18,0.5,"seventeen years stale, verify before use"
prinsengracht-480,coordinate,"52.364249,4.884977",placesdata-2011,2011-07-18,0.4,geocoded alongside a GooglePlacePage; never eligible for OSM
prinsengracht-480,key_photo,PicturesOriginal/IMG_0876.JPG,photos-2009,2009-10-15,1.0,Apple iPhone 3GS
prinsengracht-480,trading,true,photos-2009,2009-10-15,1.0,"photographed open; presence attested, not a claim about today"
prinsengracht-480,coordinate,"52.3643333,4.8853333",photos-2009,2009-10-15,0.9,"own GPS, DOP 3.0"
vechtstraat-63,name,Topweazle,placesdata-2011,2011-07-18,0.7,
vechtstraat-63,kind,coffeeshop,placesdata-2011,2011-07-18,0.8,
vechtstraat-63,phone,+31 20 661 1514,placesdata-2011,2011-07-18,0.5,"seventeen years stale, verify before use"
vechtstraat-63,coordinate,"52.346034,4.906546",placesdata-2011,2011-07-18,0.4,geocoded alongside a GooglePlacePage; never eligible for OSM
vechtstraat-63,key_photo,PicturesOriginal/IMG_0514.JPG,photos-2009,2009-10-13,1.0,Apple iPhone 3GS
vechtstraat-63,trading,true,photos-2009,2009-10-13,1.0,"photographed open; presence attested, not a claim about today"
vechtstraat-63,coordinate,"52.3461667,4.9063333",photos-2009,2009-10-13,0.6,"own GPS, camera bearing 24.9 deg true"
vechtstraat-63,photo_heading,24.9,photos-2009,2009-10-13,1.0,the shopfront lies along this bearing from the fix
zeeburgerdijk-33,name,Trefpunt,placesdata-2011,2011-07-18,0.7,
zeeburgerdijk-33,kind,coffeeshop,placesdata-2011,2011-07-18,0.8,
zeeburgerdijk-33,phone,+31 20 663 9327,placesdata-2011,2011-07-18,0.5,"seventeen years stale, verify before use"
zeeburgerdijk-33,coordinate,"52.366167,4.930111",placesdata-2011,2011-07-18,0.4,geocoded alongside a GooglePlacePage; never eligible for OSM
zeeburgerdijk-33,key_photo,PicturesOriginal/IMG_0459.JPG,photos-2009,2009-10-13,1.0,Apple iPhone 3GS
zeeburgerdijk-33,trading,true,photos-2009,2009-10-13,1.0,"photographed open; presence attested, not a claim about today"
zeeburgerdijk-33,coordinate,"52.366,4.9298333",photos-2009,2009-10-13,0.9,"own GPS, DOP 5.0, camera bearing 217.9 deg true"
zeeburgerdijk-33,photo_heading,217.9,photos-2009,2009-10-13,1.0,the shopfront lies along this bearing from the fix
sarphatistraat-87,name,Trinity,placesdata-2011,2011-07-18,0.7,
sarphatistraat-87,kind,coffeeshop,placesdata-2011,2011-07-18,0.8,
sarphatistraat-87,phone,+31 20 626 6283,placesdata-2011,2011-07-18,0.5,"seventeen years stale, verify before use"
sarphatistraat-87,coordinate,"52.361541,4.908926",placesdata-2011,2011-07-18,0.4,geocoded alongside a GooglePlacePage; never eligible for OSM
sarphatistraat-87,key_photo,PicturesOriginal/IMG_0477.JPG,photos-2009,2009-10-13,1.0,Apple iPhone 3GS
sarphatistraat-87,trading,true,photos-2009,2009-10-13,1.0,"photographed open; presence attested, not a claim about today"
sarphatistraat-87,coordinate,"52.3613333,4.9091667",photos-2009,2009-10-13,0.9,"own GPS, DOP 3.0, camera bearing 27.9 deg true"
sarphatistraat-87,photo_heading,27.9,photos-2009,2009-10-13,1.0,the shopfront lies along this bearing from the fix
overtoom-451,name,Het Tuintje,placesdata-2011,2011-07-18,0.7,
overtoom-451,sort_name,Tuintje,placesdata-2011,2011-07-18,0.7,
overtoom-451,kind,coffeeshop,placesdata-2011,2011-07-18,0.8,
overtoom-451,phone,+31 20 616 5976,placesdata-2011,2011-07-18,0.5,"seventeen years stale, verify before use"
overtoom-451,coordinate,"52.358593,4.85928",placesdata-2011,2011-07-18,0.4,geocoded alongside a GooglePlacePage; never eligible for OSM
overtoom-451,key_photo,PicturesOriginal/IMG_0761.JPG,photos-2009,2009-10-14,1.0,Apple iPhone 3GS
overtoom-451,trading,true,photos-2009,2009-10-14,1.0,"photographed open; presence attested, not a claim about today"
overtoom-451,coordinate,"52.3588333,4.8591667",photos-2009,2009-10-14,0.9,"own GPS, DOP 3.0, camera bearing 39.9 deg true"
overtoom-451,photo_heading,39.9,photos-2009,2009-10-14,1.0,the shopfront lies along this bearing from the fix
heisteeg-6,name,De Tweede Kamer,placesdata-2011,2011-07-18,0.7,
heisteeg-6,sort_name,Tweede Kamer,placesdata-2011,2011-07-18,0.7,
heisteeg-6,kind,coffeeshop,placesdata-2011,2011-07-18,0.8,
heisteeg-6,phone,+31 20 422 2236,placesdata-2011,2011-07-18,0.5,"seventeen years stale, verify before use"
heisteeg-6,coordinate,"52.368919,4.888313",placesdata-2011,2011-07-18,0.4,geocoded alongside a GooglePlacePage; never eligible for OSM
heisteeg-6,key_photo,PicturesOriginal/IMG_1075.JPG,photos-2009,2009-10-16,1.0,Apple iPhone 3GS
heisteeg-6,trading,true,photos-2009,2009-10-16,1.0,"photographed open; presence attested, not a claim about today"
heisteeg-6,coordinate,"52.3688333,4.8881667",photos-2009,2009-10-16,0.9,"own GPS, DOP 5.0, camera bearing 294.9 deg true"
heisteeg-6,photo_heading,294.9,photos-2009,2009-10-16,1.0,the shopfront lies along this bearing from the fix
vondelstraat-104,name,Tweedy,placesdata-2011,2011-07-18,0.7,
vondelstraat-104,kind,coffeeshop,placesdata-2011,2011-07-18,0.8,
vondelstraat-104,phone,+31 20 618 0344,placesdata-2011,2011-07-18,0.5,"seventeen years stale, verify before use"
vondelstraat-104,coordinate,"52.361496,4.874044",placesdata-2011,2011-07-18,0.4,geocoded alongside a GooglePlacePage; never eligible for OSM
vondelstraat-104,key_photo,PicturesOriginal/IMG_0773.JPG,photos-2009,2009-10-14,1.0,Apple iPhone 3GS
vondelstraat-104,trading,true,photos-2009,2009-10-14,1.0,"photographed open; presence attested, not a claim about today"
vondelstraat-104,coordinate,"52.3618333,4.8741667",photos-2009,2009-10-14,0.9,"own GPS, DOP 3.0, camera bearing 231.9 deg true"
vondelstraat-104,photo_heading,231.9,photos-2009,2009-10-14,1.0,the shopfront lies along this bearing from the fix
lange-niezel-7,name,Twilight Zone,placesdata-2011,2011-07-18,0.7,
lange-niezel-7,kind,coffeeshop,placesdata-2011,2011-07-18,0.8,
lange-niezel-7,phone,+31 20 770 4856,placesdata-2011,2011-07-18,0.5,"seventeen years stale, verify before use"
lange-niezel-7,coordinate,"52.375233,4.898456",placesdata-2011,2011-07-18,0.4,geocoded alongside a GooglePlacePage; never eligible for OSM
lange-niezel-7,key_photo,PicturesOriginal/IMG_1256.JPG,photos-2009,2009-10-16,1.0,Apple iPhone 3GS
lange-niezel-7,trading,true,photos-2009,2009-10-16,1.0,"photographed open; presence attested, not a claim about today"
lange-niezel-7,coordinate,"52.375,4.8985",photos-2009,2009-10-16,0.9,"own GPS, DOP 3.0, camera bearing 269.9 deg true"
lange-niezel-7,photo_heading,269.9,photos-2009,2009-10-16,1.0,the shopfront lies along this bearing from the fix
nieuwezijds-voorburgwal-132,name,Utopia,placesdata-2011,2011-07-18,0.7,
nieuwezijds-voorburgwal-132,kind,coffeeshop,placesdata-2011,2011-07-18,0.8,
nieuwezijds-voorburgwal-132,phone,+31 20 626 1295,placesdata-2011,2011-07-18,0.5,"seventeen years stale, verify before use"
nieuwezijds-voorburgwal-132,coordinate,"52.375046,4.891623",placesdata-2011,2011-07-18,0.4,geocoded alongside a GooglePlacePage; never eligible for OSM
nieuwezijds-voorburgwal-132,key_photo,PicturesOriginal/IMG_1171.JPG,photos-2009,2009-10-16,1.0,Apple iPhone 3GS
nieuwezijds-voorburgwal-132,trading,true,photos-2009,2009-10-16,1.0,"photographed open; presence attested, not a claim about today"
nieuwezijds-voorburgwal-132,coordinate,"52.3751667,4.8918333",photos-2009,2009-10-16,0.9,"own GPS, DOP 3.0, camera bearing 347.9 deg true"
nieuwezijds-voorburgwal-132,photo_heading,347.9,photos-2009,2009-10-16,1.0,the shopfront lies along this bearing from the fix
geldersekade-2,name,Voyagers,placesdata-2011,2011-07-18,0.7,
geldersekade-2,kind,coffeeshop,placesdata-2011,2011-07-18,0.8,
geldersekade-2,phone,+31 20 624 6871,placesdata-2011,2011-07-18,0.5,"seventeen years stale, verify before use"
geldersekade-2,coordinate,"52.376421,4.90196",placesdata-2011,2011-07-18,0.4,geocoded alongside a GooglePlacePage; never eligible for OSM
geldersekade-2,key_photo,PicturesOriginal/IMG_0033.JPG,photos-2009,2009-10-04,1.0,Apple iPhone 3GS
geldersekade-2,trading,true,photos-2009,2009-10-04,1.0,"photographed open; presence attested, not a claim about today"
geldersekade-2,coordinate,"52.3763333,4.9018333",photos-2009,2009-10-04,0.9,"own GPS, DOP 5.0, camera bearing 141.9 deg true"
geldersekade-2,photo_heading,141.9,photos-2009,2009-10-04,1.0,the shopfront lies along this bearing from the fix
van-woustraat-147,name,Warda I,placesdata-2011,2011-07-18,0.7,
van-woustraat-147,kind,coffeeshop,placesdata-2011,2011-07-18,0.8,
van-woustraat-147,phone,+31 20 675 6778,placesdata-2011,2011-07-18,0.5,"seventeen years stale, verify before use"
van-woustraat-147,coordinate,"52.352887,4.902925",placesdata-2011,2011-07-18,0.4,geocoded alongside a GooglePlacePage; never eligible for OSM
van-woustraat-147,key_photo,PicturesOriginal/IMG_0539.JPG,photos-2009,2009-10-13,1.0,Apple iPhone 3GS
van-woustraat-147,trading,true,photos-2009,2009-10-13,1.0,"photographed open; presence attested, not a claim about today"
van-woustraat-147,coordinate,"52.353,4.9026667",photos-2009,2009-10-13,0.9,"own GPS, DOP 3.0, camera bearing 132.9 deg true"
van-woustraat-147,photo_heading,132.9,photos-2009,2009-10-13,1.0,the shopfront lies along this bearing from the fix
javastraat-104,name,Warda II,placesdata-2011,2011-07-18,0.7,
javastraat-104,kind,coffeeshop,placesdata-2011,2011-07-18,0.8,
javastraat-104,phone,+31 20 676 5477,placesdata-2011,2011-07-18,0.5,"seventeen years stale, verify before use"
javastraat-104,coordinate,"52.36359,4.936616",placesdata-2011,2011-07-18,0.4,geocoded alongside a GooglePlacePage; never eligible for OSM
javastraat-104,key_photo,PicturesOriginal/IMG_0450.JPG,photos-2009,2009-10-13,1.0,Apple iPhone 3GS
javastraat-104,trading,true,photos-2009,2009-10-13,1.0,"photographed open; presence attested, not a claim about today"
javastraat-104,coordinate,"52.3638333,4.9368333",photos-2009,2009-10-13,0.9,"own GPS, DOP 1.0, camera bearing 64.9 deg true"
javastraat-104,photo_heading,64.9,photos-2009,2009-10-13,1.0,the shopfront lies along this bearing from the fix
lodewijk-van-deysselstraat-37,name,Watersnip,placesdata-2011,2011-07-18,0.7,
lodewijk-van-deysselstraat-37,kind,coffeeshop,placesdata-2011,2011-07-18,0.8,
lodewijk-van-deysselstraat-37,phone,+31 20 614 7260,placesdata-2011,2011-07-18,0.5,"seventeen years stale, verify before use"
lodewijk-van-deysselstraat-37,coordinate,"52.377065,4.816365",placesdata-2011,2011-07-18,0.4,geocoded alongside a GooglePlacePage; never eligible for OSM
lodewijk-van-deysselstraat-37,key_photo,PicturesOriginal/IMG_0691.JPG,photos-2009,2009-10-14,1.0,Apple iPhone 3GS
lodewijk-van-deysselstraat-37,trading,true,photos-2009,2009-10-14,1.0,"photographed open; presence attested, not a claim about today"
lodewijk-van-deysselstraat-37,coordinate,"52.3771667,4.8163333",photos-2009,2009-10-14,0.9,"own GPS, DOP 3.0, camera bearing 172.9 deg true"
lodewijk-van-deysselstraat-37,photo_heading,172.9,photos-2009,2009-10-14,1.0,the shopfront lies along this bearing from the fix
spaarndammerdijk-9,name,The Wauw Shop,placesdata-2011,2011-07-18,0.7,
spaarndammerdijk-9,sort_name,Wauw Shop,placesdata-2011,2011-07-18,0.7,
spaarndammerdijk-9,kind,coffeeshop,placesdata-2011,2011-07-18,0.8,
spaarndammerdijk-9,phone,+31 6 11 52 78 17,placesdata-2011,2011-07-18,0.5,"seventeen years stale, verify before use"
spaarndammerdijk-9,coordinate,"52.391812,4.877716",placesdata-2011,2011-07-18,0.4,geocoded alongside a GooglePlacePage; never eligible for OSM
spaarndammerdijk-9,key_photo,PicturesOriginal/IMG_0958.JPG,photos-2009,2009-10-15,1.0,Apple iPhone 3GS
spaarndammerdijk-9,trading,true,photos-2009,2009-10-15,1.0,"photographed open; presence attested, not a claim about today"
spaarndammerdijk-9,coordinate,"52.3918333,4.8778333",photos-2009,2009-10-15,0.9,"own GPS, DOP 1.0, camera bearing 270.9 deg true"
spaarndammerdijk-9,photo_heading,270.9,photos-2009,2009-10-15,1.0,the shopfront lies along this bearing from the fix
vechtstraat-9,name,Het Wolkje,placesdata-2011,2011-07-18,0.7,
vechtstraat-9,sort_name,Wolkje,placesdata-2011,2011-07-18,0.7,
vechtstraat-9,kind,coffeeshop,placesdata-2011,2011-07-18,0.8,
vechtstraat-9,phone,+31 6 52 30 18 46,placesdata-2011,2011-07-18,0.5,"seventeen years stale, verify before use"
vechtstraat-9,coordinate,"52.348431,4.905568",placesdata-2011,2011-07-18,0.4,geocoded alongside a GooglePlacePage; never eligible for OSM
vechtstraat-9,key_photo,PicturesOriginal/IMG_0522.JPG,photos-2009,2009-10-13,1.0,Apple iPhone 3GS
vechtstraat-9,trading,true,photos-2009,2009-10-13,1.0,"photographed open; presence attested, not a claim about today"
vechtstraat-9,coordinate,"52.3485,4.9055",photos-2009,2009-10-13,0.9,"own GPS, DOP 3.0, camera bearing 13.9 deg true"
vechtstraat-9,photo_heading,13.9,photos-2009,2009-10-13,1.0,the shopfront lies along this bearing from the fix
huidenstraat-13,name,Xtreme,placesdata-2011,2011-07-18,0.7,
huidenstraat-13,kind,coffeeshop,placesdata-2011,2011-07-18,0.8,
huidenstraat-13,phone,+31 20 777 2799,placesdata-2011,2011-07-18,0.5,"seventeen years stale, verify before use"
huidenstraat-13,coordinate,"52.368682,4.885747",placesdata-2011,2011-07-18,0.4,geocoded alongside a GooglePlacePage; never eligible for OSM
huidenstraat-13,key_photo,PicturesOriginal/IMG_1078.JPG,photos-2009,2009-10-16,1.0,Apple iPhone 3GS
huidenstraat-13,trading,true,photos-2009,2009-10-16,1.0,"photographed open; presence attested, not a claim about today"
huidenstraat-13,coordinate,"52.3688333,4.8855",photos-2009,2009-10-16,0.9,"own GPS, DOP 3.0, camera bearing 133.9 deg true"
huidenstraat-13,photo_heading,133.9,photos-2009,2009-10-16,1.0,the shopfront lies along this bearing from the fix
1e-oosterparkstraat-47,name,El Yamama,placesdata-2011,2011-07-18,0.7,
1e-oosterparkstraat-47,sort_name,Yamama,placesdata-2011,2011-07-18,0.7,
1e-oosterparkstraat-47,kind,coffeeshop,placesdata-2011,2011-07-18,0.8,
1e-oosterparkstraat-47,phone,+31 20 463 9518,placesdata-2011,2011-07-18,0.5,"seventeen years stale, verify before use"
1e-oosterparkstraat-47,coordinate,"52.356026,4.908854",placesdata-2011,2011-07-18,0.4,geocoded alongside a GooglePlacePage; never eligible for OSM
1e-oosterparkstraat-47,key_photo,PicturesOriginal/IMG_0486.JPG,photos-2009,2009-10-13,1.0,Apple iPhone 3GS
1e-oosterparkstraat-47,trading,true,photos-2009,2009-10-13,1.0,"photographed open; presence attested, not a claim about today"
1e-oosterparkstraat-47,coordinate,"52.356,4.909",photos-2009,2009-10-13,0.9,"own GPS, DOP 3.0, camera bearing 32.9 deg true"
1e-oosterparkstraat-47,photo_heading,32.9,photos-2009,2009-10-13,1.0,the shopfront lies along this bearing from the fix
2e-jan-van-der-heijdenstraat-79,name,Yo-Yo,placesdata-2011,2011-07-18,0.7,
2e-jan-van-der-heijdenstraat-79,kind,coffeeshop,placesdata-2011,2011-07-18,0.8,
2e-jan-van-der-heijdenstraat-79,phone,+31 20 664 7173,placesdata-2011,2011-07-18,0.5,"seventeen years stale, verify before use"
2e-jan-van-der-heijdenstraat-79,coordinate,"52.356346,4.903131",placesdata-2011,2011-07-18,0.4,geocoded alongside a GooglePlacePage; never eligible for OSM
2e-jan-van-der-heijdenstraat-79,key_photo,PicturesOriginal/IMG_0627.JPG,photos-2009,2009-10-14,1.0,Apple iPhone 3GS
2e-jan-van-der-heijdenstraat-79,trading,true,photos-2009,2009-10-14,1.0,"photographed open; presence attested, not a claim about today"
2e-jan-van-der-heijdenstraat-79,coordinate,"52.3561667,4.9031667",photos-2009,2009-10-14,0.9,"own GPS, DOP 3.0, camera bearing 299.9 deg true"
2e-jan-van-der-heijdenstraat-79,photo_heading,299.9,photos-2009,2009-10-14,1.0,the shopfront lies along this bearing from the fix
daniel-goedkoopstraat-1,name,Power Zone,placesdata-2011,2011-07-18,0.7,
daniel-goedkoopstraat-1,kind,venue,placesdata-2011,2011-07-18,0.8,
daniel-goedkoopstraat-1,phone,+31 20 681 8866,placesdata-2011,2011-07-18,0.5,"seventeen years stale, verify before use"
daniel-goedkoopstraat-1,website,http://www.thepowerzone.nl/,placesdata-2011,2011-07-18,0.4,
daniel-goedkoopstraat-1,coordinate,"52.335045,4.919998",placesdata-2011,2011-07-18,0.4,geocoded alongside a GooglePlacePage; never eligible for OSM
daniel-goedkoopstraat-1,key_photo,PicturesOriginal/IMG_5053.JPG,photos-2009,2009-11-17,1.0,Apple iPhone 3GS
daniel-goedkoopstraat-1,trading,true,photos-2009,2009-11-17,1.0,"photographed open; presence attested, not a claim about today"
daniel-goedkoopstraat-1,coordinate,"52.3355,4.9198333",photos-2009,2009-11-17,0.9,"own GPS, DOP 1.0, camera bearing 252.9 deg true"
daniel-goedkoopstraat-1,photo_heading,252.9,photos-2009,2009-11-17,1.0,the shopfront lies along this bearing from the fix
lijnbaansgracht-234,name,De Melkweg,placesdata-2011,2011-07-18,0.7,
lijnbaansgracht-234,sort_name,Melkweg,placesdata-2011,2011-07-18,0.7,
lijnbaansgracht-234,kind,venue,placesdata-2011,2011-07-18,0.8,
lijnbaansgracht-234,phone,+31 20 531 8181,placesdata-2011,2011-07-18,0.5,"seventeen years stale, verify before use"
lijnbaansgracht-234,website,http://melkweg.nl,placesdata-2011,2011-07-18,0.4,
lijnbaansgracht-234,coordinate,"52.365189,4.881233",placesdata-2011,2011-07-18,0.4,geocoded alongside a GooglePlacePage; never eligible for OSM
lijnbaansgracht-234,photo_wanted,Missing picture.,placesdata-2011,2011-07-18,0.9,"retake request from the 2009 survey, still open"
spuistraat-245,name,The Minds,placesdata-2011,2011-07-18,0.7,
spuistraat-245,sort_name,Minds,placesdata-2011,2011-07-18,0.7,
spuistraat-245,kind,bar,placesdata-2011,2011-07-18,0.8,
spuistraat-245,phone,+31 20 623 6784,placesdata-2011,2011-07-18,0.5,"seventeen years stale, verify before use"
spuistraat-245,foursquare,54787,placesdata-2011,2011-07-18,0.5,
spuistraat-245,coordinate,"52.370568,4.889173",placesdata-2011,2011-07-18,0.4,geocoded alongside a GooglePlacePage; never eligible for OSM
spuistraat-245,photo_wanted,Missing picture.,placesdata-2011,2011-07-18,0.9,"retake request from the 2009 survey, still open"
lijnbaansgracht-161,name,Korsakoff,placesdata-2011,2011-07-18,0.7,
lijnbaansgracht-161,kind,bar,placesdata-2011,2011-07-18,0.8,
lijnbaansgracht-161,phone,+31 20 625 7854,placesdata-2011,2011-07-18,0.5,"seventeen years stale, verify before use"
lijnbaansgracht-161,website,http://korsakoffamsterdam.nl,placesdata-2011,2011-07-18,0.4,
lijnbaansgracht-161,foursquare,56222,placesdata-2011,2011-07-18,0.5,
lijnbaansgracht-161,coordinate,"52.37015,4.877594",placesdata-2011,2011-07-18,0.4,geocoded alongside a GooglePlacePage; never eligible for OSM
lijnbaansgracht-161,photo_wanted,Missing picture.,placesdata-2011,2011-07-18,0.9,"retake request from the 2009 survey, still open"
